"county_fips_code","state_fips_code","pop2020"
"01001","01",56145
"01003","01",229287
"01005","01",24589
"01007","01",22136
"01009","01",57879
"01011","01",9976
"01013","01",19504
"01015","01",113469
"01017","01",32865
"01019","01",26294
"01021","01",44397
"01023","01",12418
"01025","01",23291
"01027","01",13112
"01029","01",14967
"01031","01",53230
"01033","01",55411
"01035","01",11851
"01037","01",10650
"01039","01",36930
"01041","01",13681
"01043","01",84515
"01045","01",48959
"01047","01",36098
"01049","01",71658
"01051","01",82158
"01053","01",36281
"01055","01",102371
"01057","01",16241
"01059","01",31507
"01061","01",26411
"01063","01",7990
"01065","01",14670
"01067","01",17223
"01069","01",106580
"01071","01",51582
"01073","01",655342
"01075","01",13764
"01077","01",93368
"01079","01",32857
"01081","01",166831
"01083","01",102228
"01085","01",9641
"01087","01",17895
"01089","01",379453
"01091","01",18733
"01093","01",29703
"01095","01",96990
"01097","01",412716
"01099","01",20459
"01101","01",224639
"01103","01",119883
"01105","01",8687
"01107","01",19793
"01109","01",32966
"01111","01",22920
"01113","01",58237
"01115","01",90739
"01117","01",221428
"01119","01",12225
"01121","01",79985
"01123","01",40133
"01125","01",210758
"01127","01",63143
"01129","01",15976
"01131","01",10206
"01133","01",23508
"02013","02",3401
"02016","02",5680
"02020","02",287095
"02050","02",18437
"02060","02",788
"02063","02",6427
"02066","02",2919
"02068","02",2081
"02070","02",4833
"02090","02",95651
"02100","02",2614
"02105","02",2141
"02110","02",31849
"02122","02",59414
"02130","02",13747
"02150","02",12992
"02158","02",8328
"02164","02",1493
"02170","02",110213
"02180","02",9909
"02185","02",9294
"02188","02",7644
"02195","02",3296
"02198","02",6147
"02220","02",8405
"02230","02",1179
"02240","02",6957
"02275","02",2510
"02282","02",637
"02290","02",5077
"04001","04",71875
"04003","04",127450
"04005","04",142481
"04007","04",54303
"04009","04",39211
"04011","04",9341
"04012","04",21480
"04013","04",4579081
"04015","04",217206
"04017","04",112112
"04019","04",1061175
"04021","04",480828
"04023","04",46808
"04025","04",240226
"04027","04",217824
"05001","05",17383
"05003","05",19339
"05005","05",42242
"05007","05",288774
"05009","05",37625
"05011","05",10639
"05013","05",5113
"05015","05",28276
"05017","05",9924
"05019","05",22103
"05021","05",14375
"05023","05",24935
"05025","05",7957
"05027","05",23331
"05029","05",21037
"05031","05",112245
"05033","05",63409
"05035","05",47616
"05037","05",16142
"05039","05",6802
"05041","05",11110
"05043","05",17977
"05045","05",126919
"05047","05",17897
"05049","05",12381
"05051","05",99789
"05053","05",18449
"05055","05",45597
"05057","05",21253
"05059","05",33787
"05061","05",13109
"05063","05",37757
"05065","05",13613
"05067","05",16636
"05069","05",65377
"05071","05",26513
"05073","05",6596
"05075","05",16410
"05077","05",8513
"05079","05",12944
"05081","05",12180
"05083","05",21410
"05085","05",73921
"05087","05",16644
"05089","05",16790
"05091","05",43177
"05093","05",40066
"05095","05",6584
"05097","05",9006
"05099","05",8099
"05101","05",7602
"05103","05",23167
"05105","05",10327
"05107","05",17299
"05109","05",10643
"05111","05",23283
"05113","05",19707
"05115","05",64334
"05117","05",7966
"05119","05",392980
"05121","05",18247
"05123","05",24682
"05125","05",123968
"05127","05",10164
"05129","05",7842
"05131","05",127590
"05133","05",16702
"05135","05",17424
"05137","05",12674
"05139","05",38219
"05141","05",16541
"05143","05",243216
"05145","05",78729
"05147","05",6264
"05149","05",21181
"06001","06",1662323
"06003","06",1119
"06005","06",40083
"06007","06",212744
"06009","06",46308
"06011","06",21558
"06013","06",1152333
"06015","06",27968
"06017","06",192925
"06019","06",1000918
"06021","06",28283
"06023","06",134977
"06025","06",180267
"06027","06",18046
"06029","06",901362
"06031","06",152692
"06033","06",64479
"06035","06",30016
"06037","06",9943046
"06039","06",157761
"06041","06",257332
"06043","06",17160
"06045","06",86061
"06047","06",279252
"06049","06",8763
"06051","06",14534
"06053","06",430906
"06055","06",135965
"06057","06",99606
"06059","06",3166857
"06061","06",402950
"06063","06",18967
"06065","06",2489188
"06067","06",1559146
"06069","06",64055
"06071","06",2189183
"06073","06",3332427
"06075","06",866606
"06077","06",767967
"06079","06",282249
"06081","06",758308
"06083","06",444766
"06085","06",1907105
"06087","06",269925
"06089","06",179027
"06091","06",2920
"06093","06",43245
"06095","06",446935
"06097","06",489819
"06099","06",550081
"06101","06",96385
"06103","06",64494
"06105","06",12216
"06107","06",468680
"06109","06",54515
"06111","06",841387
"06113","06",219728
"06115","06",80160
"08001","08",519883
"08003","08",16180
"08005","08",657452
"08007","08",14196
"08009","08",3555
"08011","08",5356
"08013","08",327171
"08014","08",72236
"08015","08",20661
"08017","08",1795
"08019","08",9586
"08021","08",8143
"08023","08",3921
"08025","08",5696
"08027","08",5183
"08029","08",31067
"08031","08",735538
"08033","08",2096
"08035","08",360750
"08037","08",54929
"08039","08",27313
"08041","08",728310
"08043","08",47867
"08045","08",60366
"08047","08",6235
"08049","08",15794
"08051","08",17593
"08053","08",808
"08055","08",6883
"08057","08",1389
"08059","08",583283
"08061","08",1458
"08063","08",7121
"08065","08",7987
"08067","08",56564
"08069","08",360428
"08071","08",14420
"08073","08",5680
"08075","08",21974
"08077","08",155603
"08079","08",773
"08081","08",13144
"08083","08",26408
"08085","08",43322
"08087","08",28941
"08089","08",18201
"08091","08",5001
"08093","08",18955
"08095","08",4367
"08097","08",17894
"08099","08",12106
"08101","08",169823
"08103","08",6342
"08105","08",11296
"08107","08",25560
"08109","08",6938
"08111","08",748
"08113","08",8105
"08115","08",2260
"08117","08",30631
"08119","08",25529
"08121","08",4875
"08123","08",333983
"08125","08",10047
"09001","09",942426
"09003","09",889226
"09005","09",179610
"09007","09",161657
"09009","09",851948
"09011","09",264999
"09013","09",150600
"09015","09",116540
"10001","10",183643
"10003","10",561531
"10005","10",241635
"11001","11",712816
"12001","12",271218
"12003","12",29566
"12005","12",171322
"12007","12",28593
"12009","12",608459
"12011","12",1958105
"12013","12",14078
"12015","12",194711
"12017","12",153010
"12019","12",221770
"12021","12",392973
"12023","12",72654
"12027","12",38520
"12029","12",17057
"12031","12",966728
"12033","12",322364
"12035","12",118451
"12037","12",12201
"12039","12",45277
"12041","12",18885
"12043","12",14198
"12045","12",13534
"12047","12",14521
"12049","12",26822
"12051","12",42813
"12053","12",198792
"12055","12",106639
"12057","12",1497957
"12059","12",19594
"12061","12",162518
"12063","12",46085
"12065","12",14543
"12067","12",8482
"12069","12",375492
"12071","12",790767
"12073","12",295460
"12075","12",42214
"12077","12",8364
"12079","12",18707
"12081","12",411219
"12083","12",373513
"12085","12",162088
"12086","12",2707303
"12087","12",73900
"12089","12",91113
"12091","12",212820
"12093","12",42297
"12095","12",1404396
"12097","12",385315
"12099","12",1507600
"12101","12",570412
"12103","12",976802
"12105","12",744552
"12107","12",74815
"12109","12",278715
"12111","12",337186
"12113","12",189139
"12115","12",443465
"12117","12",474171
"12119","12",139018
"12121","12",44851
"12123","12",21600
"12125","12",15182
"12127","12",561497
"12129","12",34319
"12131","12",76648
"12133","12",25932
"13001","13",18325
"13003","13",8393
"13005","13",11036
"13007","13",2971
"13009","13",45099
"13011","13",19352
"13013","13",85588
"13015","13",109426
"13017","13",16614
"13019","13",19408
"13021","13",152737
"13023","13",12955
"13025","13",19202
"13027","13",15357
"13029","13",40755
"13031","13",80839
"13033","13",22648
"13035","13",25426
"13037","13",6231
"13039","13",55388
"13043","13",10985
"13045","13",121633
"13047","13",67996
"13049","13",13430
"13051","13",289463
"13053","13",10551
"13055","13",24843
"13057","13",265274
"13059","13",127795
"13061","13",2866
"13063","13",292646
"13065","13",6582
"13067","13",762944
"13069","13",43218
"13071","13",45542
"13073","13",160377
"13075","13",17291
"13077","13",150849
"13079","13",12231
"13081","13",22034
"13083","13",16057
"13085","13",27113
"13087","13",26457
"13089","13",762009
"13091","13",20452
"13093","13",13174
"13095","13",86477
"13097","13",147988
"13099","13",10037
"13101","13",4002
"13103","13",65765
"13105","13",19335
"13107","13",22507
"13109","13",10638
"13111","13",26521
"13113","13",115821
"13115","13",98604
"13117","13",250847
"13119","13",23504
"13121","13",1077402
"13123","13",31978
"13125","13",2984
"13127","13",85568
"13129","13",58780
"13131","13",24491
"13133","13",18837
"13135","13",942627
"13137","13",46047
"13139","13",206591
"13141","13",8494
"13143","13",30383
"13145","13",36080
"13147","13",26406
"13149","13",11973
"13151","13",239139
"13153","13",160110
"13155","13",9387
"13157","13",76199
"13159","13",14483
"13161","13",15213
"13163","13",15267
"13165","13",8746
"13167","13",9667
"13169","13",28787
"13171","13",19261
"13173","13",10737
"13175","13",47512
"13177","13",30234
"13179","13",63004
"13181","13",8031
"13183","13",20171
"13185","13",118268
"13187","13",34186
"13189","13",21162
"13191","13",14387
"13193","13",12712
"13195","13",30457
"13197","13",8516
"13199","13",21164
"13201","13",5622
"13205","13",21602
"13207","13",28042
"13209","13",9012
"13211","13",19636
"13213","13",40032
"13215","13",196442
"13217","13",113295
"13219","13",41124
"13221","13",15383
"13223","13",173359
"13225","13",27950
"13227","13",33127
"13229","13",19522
"13231","13",19121
"13233","13",42840
"13235","13",11191
"13237","13",22520
"13239","13",2271
"13241","13",17273
"13243","13",6682
"13245","13",202079
"13247","13",90939
"13249","13",5196
"13251","13",14012
"13253","13",8060
"13255","13",67414
"13257","13",26107
"13259","13",6689
"13261","13",29282
"13263","13",6143
"13265","13",1562
"13267","13",25365
"13269","13",8074
"13271","13",15781
"13273","13",8523
"13275","13",44372
"13277","13",40719
"13279","13",26973
"13281","13",12247
"13283","13",6822
"13285","13",70214
"13287","13",7882
"13289","13",8103
"13291","13",25358
"13293","13",26527
"13295","13",70116
"13297","13",96875
"13299","13",35826
"13301","13",5232
"13303","13",20150
"13305","13",30023
"13307","13",2595
"13309","13",7751
"13311","13",31094
"13313","13",103837
"13315","13",8502
"13317","13",9694
"13319","13",8812
"13321","13",19972
"15001","15",203340
"15003","15",963826
"15005","15",87
"15007","15",71851
"15009","15",167902
"16001","16",494399
"16003","16",4447
"16005","16",88795
"16007","16",6143
"16009","16",9430
"16011","16",47202
"16013","16",23426
"16015","16",8065
"16017","16",46817
"16019","16",122134
"16021","16",12656
"16023","16",2646
"16025","16",1130
"16027","16",237053
"16029","16",7123
"16031","16",24277
"16033","16",852
"16035","16",8846
"16037","16",4249
"16039","16",27448
"16041","16",14215
"16043","16",13218
"16045","16",18703
"16047","16",15618
"16049","16",16823
"16051","16",30581
"16053","16",24578
"16055","16",170628
"16057","16",40830
"16059","16",8054
"16061","16",3838
"16063","16",5358
"16065","16",40318
"16067","16",21216
"16069","16",40755
"16071","16",4520
"16073","16",12133
"16075","16",24771
"16077","16",7643
"16079","16",12911
"16081","16",12501
"16083","16",88411
"16085","16",11792
"16087","16",10360
"17001","17",64783
"17003","17",5497
"17005","17",16262
"17007","17",52777
"17009","17",6546
"17011","17",32303
"17013","17",4616
"17015","17",14241
"17017","17",11925
"17019","17",209192
"17021","17",32075
"17023","17",15268
"17025","17",13079
"17027","17",37398
"17029","17",50383
"17031","17",5108284
"17033","17",18512
"17035","17",10649
"17037","17",104491
"17039","17",15368
"17041","17",19510
"17043","17",917481
"17045","17",16858
"17047","17",6356
"17049","17",34065
"17051","17",21264
"17053","17",12949
"17055","17",38060
"17057","17",33690
"17059","17",4793
"17061","17",12702
"17063","17",50993
"17065","17",8084
"17067","17",17422
"17069","17",3808
"17071","17",6535
"17073","17",48411
"17075","17",26711
"17077","17",56675
"17079","17",9465
"17081","17",37235
"17083","17",21616
"17085","17",21239
"17087","17",12358
"17089","17",531010
"17091","17",108594
"17093","17",130638
"17095","17",49053
"17097","17",693593
"17099","17",107571
"17101","17",15467
"17103","17",33647
"17105","17",35414
"17107","17",28383
"17109","17",29295
"17111","17",305888
"17113","17",171256
"17115","17",103015
"17117","17",44567
"17119","17",262635
"17121","17",37045
"17123","17",11309
"17125","17",13173
"17127","17",13636
"17129","17",12068
"17131","17",15225
"17133","17",34739
"17135","17",28045
"17137","17",33400
"17139","17",14347
"17141","17",50306
"17143","17",177652
"17145","17",20664
"17147","17",16355
"17149","17",15239
"17151","17",4142
"17153","17",5201
"17155","17",5716
"17157","17",31351
"17159","17",15507
"17161","17",140907
"17163","17",258046
"17165","17",23182
"17167","17",193882
"17169","17",6738
"17171","17",4950
"17173","17",21299
"17175","17",5262
"17177","17",43831
"17179","17",130777
"17181","17",16498
"17183","17",74855
"17185","17",11190
"17187","17",16696
"17189","17",13764
"17191","17",16031
"17193","17",13364
"17195","17",54656
"17197","17",688726
"17199","17",66415
"17201","17",281295
"17203","17",38091
"18001","18",35839
"18003","18",382187
"18005","18",84447
"18007","18",8741
"18009","18",11782
"18011","18",69347
"18013","18",15112
"18015","18",20228
"18017","18",37388
"18019","18",119266
"18021","18",26246
"18023","18",32206
"18025","18",10629
"18027","18",33505
"18029","18",49824
"18031","18",26584
"18033","18",43670
"18035","18",113454
"18037","18",42542
"18039","18",206161
"18041","18",22892
"18043","18",78936
"18045","18",16511
"18047","18",22761
"18049","18",20018
"18051","18",33825
"18053","18",65225
"18055","18",32203
"18057","18",344238
"18059","18",79553
"18061","18",40682
"18063","18",173251
"18065","18",48033
"18067","18",82732
"18069","18",36395
"18071","18",44222
"18073","18",33440
"18075","18",20416
"18077","18",32110
"18079","18",27515
"18081","18",160607
"18083","18",36522
"18085","18",78988
"18087","18",40119
"18089","18",487536
"18091","18",109663
"18093","18",45496
"18095","18",129681
"18097","18",966183
"18099","18",46108
"18101","18",10079
"18103","18",35328
"18105","18",148219
"18107","18",38365
"18109","18",70707
"18111","18",13907
"18113","18",47832
"18115","18",5892
"18117","18",19651
"18119","18",20833
"18121","18",16871
"18123","18",19154
"18125","18",12378
"18127","18",170980
"18129","18",25275
"18131","18",12388
"18133","18",37469
"18135","18",24191
"18137","18",28448
"18139","18",16649
"18141","18",271484
"18143","18",23788
"18145","18",44871
"18147","18",20225
"18149","18",23049
"18151","18",34831
"18153","18",20578
"18155","18",10724
"18157","18",196115
"18159","18",15227
"18161","18",7119
"18163","18",182447
"18165","18",15329
"18167","18",106608
"18169","18",30784
"18171","18",8194
"18173","18",63269
"18175","18",28213
"18177","18",65778
"18179","18",28142
"18181","18",24165
"18183","18",34378
"19001","19",7059
"19003","19",3588
"19005","19",13642
"19007","19",12430
"19009","19",5481
"19011","19",25414
"19013","19",130786
"19015","19",26277
"19017","19",25311
"19019","19",21287
"19021","19",19772
"19023","19",14333
"19025","19",9473
"19027","19",19914
"19029","19",12817
"19031","19",18485
"19033","19",42103
"19035","19",11190
"19037","19",11834
"19039","19",9353
"19041","19",15976
"19043","19",17321
"19045","19",46392
"19047","19",16834
"19049","19",96963
"19051","19",9051
"19053","19",7769
"19055","19",16937
"19057","19",38708
"19059","19",17549
"19061","19",97590
"19063","19",9095
"19065","19",19258
"19067","19",15480
"19069","19",9971
"19071","19",6729
"19073","19",8795
"19075","19",12217
"19077","19",10737
"19079","19",14716
"19081","19",10507
"19083","19",16575
"19085","19",13928
"19087","19",19697
"19089","19",9176
"19091","19",9473
"19093","19",6833
"19095","19",16138
"19097","19",19205
"19099","19",37148
"19101","19",18347
"19103","19",153740
"19105","19",20617
"19107","19",10085
"19109","19",14680
"19111","19",33480
"19113","19",227854
"19115","19",11011
"19117","19",8518
"19119","19",11756
"19121","19",16521
"19123","19",22370
"19125","19",33168
"19127","19",39495
"19129","19",14766
"19131","19",10647
"19133","19",8598
"19135","19",7770
"19137","19",9935
"19139","19",42394
"19141","19",13679
"19143","19",5987
"19145","19",15073
"19147","19",8845
"19149","19",25219
"19151","19",6607
"19153","19",494281
"19155","19",93328
"19157","19",18381
"19159","19",4801
"19161","19",9603
"19163","19",173216
"19165","19",11430
"19167","19",35043
"19169","19",98237
"19171","19",16801
"19173","19",6092
"19175","19",12157
"19177","19",7069
"19179","19",34985
"19181","19",52265
"19183","19",21992
"19185","19",6415
"19187","19",35934
"19189","19",10277
"19191","19",19862
"19193","19",103138
"19195","19",7359
"19197","19",12416
"20001","20",12399
"20003","20",7949
"20005","20",16015
"20007","20",4358
"20009","20",25658
"20011","20",14435
"20013","20",9482
"20015","20",66992
"20017","20",2586
"20019","20",3230
"20021","20",19681
"20023","20",2600
"20025","20",1963
"20027","20",8025
"20029","20",8642
"20031","20",8158
"20033","20",1690
"20035","20",34628
"20037","20",38730
"20039","20",2776
"20041","20",18266
"20043","20",7496
"20045","20",122530
"20047","20",2750
"20049","20",2507
"20051","20",28671
"20053","20",6034
"20055","20",35917
"20057","20",33094
"20059","20",25703
"20061","20",32218
"20063","20",2621
"20065","20",2389
"20067","20",7077
"20069","20",5954
"20071","20",1196
"20073","20",5868
"20075","20",2425
"20077","20",5336
"20079","20",34291
"20081","20",3923
"20083","20",1779
"20085","20",13171
"20087","20",19032
"20089","20",2833
"20091","20",607220
"20093","20",3745
"20095","20",6974
"20097","20",2456
"20099","20",19586
"20101","20",1518
"20103","20",82246
"20105","20",2986
"20107","20",9654
"20109","20",2732
"20111","20",33045
"20113","20",28448
"20115","20",11652
"20117","20",9652
"20119","20",4029
"20121","20",34334
"20123","20",5879
"20125","20",31502
"20127","20",5559
"20129","20",2538
"20131","20",10121
"20133","20",15929
"20135","20",2768
"20137","20",5328
"20139","20",15770
"20141","20",3439
"20143","20",5712
"20145","20",6366
"20147","20",5181
"20149","20",24722
"20151","20",9127
"20153","20",2511
"20155","20",61793
"20157","20",4536
"20159","20",9362
"20161","20",73202
"20163","20",4827
"20165","20",2947
"20167","20",6804
"20169","20",53926
"20171","20",4790
"20173","20",519907
"20175","20",21038
"20177","20",175999
"20179","20",2520
"20181","20",5777
"20183","20",3544
"20185","20",4046
"20187","20",1969
"20189","20",5388
"20191","20",22578
"20193","20",7702
"20195","20",2758
"20197","20",6906
"20199","20",1536
"20201","20",5427
"20203","20",2074
"20205","20",8362
"20207","20",3015
"20209","20",165265
"21001","21",19555
"21003","21",21303
"21005","21",22833
"21007","21",7769
"21009","21",44300
"21011","21",12481
"21013","21",25482
"21015","21",135396
"21017","21",19901
"21019","21",46516
"21021","21",30367
"21023","21",8286
"21025","21",12550
"21027","21",20537
"21029","21",82182
"21031","21",12703
"21033","21",12687
"21035","21",39300
"21037","21",94020
"21039","21",4692
"21041","21",10730
"21043","21",26542
"21045","21",16066
"21047","21",71478
"21049","21",36463
"21051","21",19631
"21053","21",10110
"21055","21",8847
"21057","21",6523
"21059","21",101978
"21061","21",12235
"21063","21",7372
"21065","21",14109
"21067","21",324735
"21069","21",14603
"21071","21",34974
"21073","21",51118
"21075","21",5952
"21077","21",8779
"21079","21",17719
"21081","21",25387
"21083","21",36818
"21085","21",26480
"21087","21",10995
"21089","21",34865
"21091","21",8742
"21093","21",111309
"21095","21",25566
"21097","21",18920
"21099","21",19013
"21101","21",44740
"21103","21",16067
"21105","21",4364
"21107","21",44662
"21109","21",13340
"21111","21",767452
"21113","21",54057
"21115","21",22002
"21117","21",167949
"21119","21",14512
"21121","21",31022
"21123","21",14431
"21125","21",61238
"21127","21",15436
"21129","21",7268
"21131","21",9637
"21133","21",21213
"21135","21",13262
"21137","21",24466
"21139","21",9041
"21141","21",27416
"21143","21",8133
"21145","21",65644
"21147","21",17071
"21149","21",9075
"21151","21",94265
"21153","21",12017
"21155","21",19314
"21157","21",31163
"21159","21",11031
"21161","21",17035
"21163","21",28616
"21165","21",6502
"21167","21",21889
"21169","21",10058
"21171","21",10549
"21173","21",28186
"21175","21",13142
"21177","21",30457
"21179","21",46450
"21181","21",7234
"21183","21",23899
"21185","21",66999
"21187","21",11017
"21189","21",4331
"21191","21",14586
"21193","21",25456
"21195","21",57057
"21197","21",12218
"21199","21",65530
"21201","21",2136
"21203","21",16750
"21205","21",24682
"21207","21",17998
"21209","21",58470
"21211","21",49611
"21213","21",18635
"21215","21",19585
"21217","21",25707
"21219","21",12448
"21221","21",14776
"21223","21",8481
"21225","21",14443
"21227","21",134510
"21229","21",12147
"21231","21",20209
"21233","21",12923
"21235","21",36451
"21237","21",7106
"21239","21",26765
"22001","22",61918
"22003","22",25440
"22005","22",128665
"22007","22",21621
"22009","22",39966
"22011","22",37881
"22013","22",12983
"22015","22",127275
"22017","22",237479
"22019","22",203310
"22021","22",9839
"22023","22",7003
"22025","22",9226
"22027","22",15508
"22029","22",18914
"22031","22",27650
"22033","22",439729
"22035","22",6589
"22037","22",18882
"22039","22",33276
"22041","22",19723
"22043","22",22254
"22045","22",68991
"22047","22",32070
"22049","22",15574
"22051","22",432346
"22053","22",31208
"22055","22",246518
"22057","22",97596
"22059","22",15021
"22061","22",46552
"22063","22",143737
"22065","22",10635
"22067","22",24227
"22069","22",37655
"22071","22",389476
"22073","22",152439
"22075","22",23113
"22077","22",21529
"22079","22",128567
"22081","22",8286
"22083","22",20014
"22085","22",23803
"22087","22",47647
"22089","22",52987
"22091","22",10081
"22093","22",20727
"22095","22",42516
"22097","22",81440
"22099","22",52954
"22101","22",48330
"22103","22",263446
"22105","22",136765
"22107","22",4178
"22109","22",109859
"22111","22",22170
"22113","22",59378
"22115","22",47894
"22117","22",45773
"22119","22",37943
"22121","22",26792
"22123","22",10646
"22125","22",15465
"22127","22",13839
"23001","23",108547
"23003","23",66804
"23005","23",298111
"23007","23",29986
"23009","23",55088
"23011","23",122955
"23013","23",39951
"23015","23",34775
"23017","23",58132
"23019","23",151655
"23021","23",16996
"23023","23",36044
"23025","23",50635
"23027","23",39923
"23029","23",31473
"23031","23",209066
"24001","24",70057
"24003","24",582777
"24005","24",826017
"24009","24",93072
"24011","24",33492
"24013","24",169092
"24015","24",103419
"24017","24",164436
"24019","24",31853
"24021","24",265161
"24023","24",28852
"24025","24",256805
"24027","24",328200
"24029","24",19192
"24031","24",1051816
"24033","24",909612
"24035","24",51167
"24037","24",114687
"24039","24",25453
"24041","24",36972
"24043","24",151146
"24045","24",103990
"24047","24",52403
"24510","24",586131
"25001","25",213164
"25003","25",124571
"25005","25",566765
"25007","25",17461
"25009","25",791263
"25011","25",70267
"25013","25",463986
"25015","25",161401
"25017","25",1609379
"25019","25",11376
"25021","25",709409
"25023","25",523738
"25025","25",801582
"25027","25",829212
"26001","26",10505
"26003","26",9015
"26005","26",118927
"26007","26",28238
"26009","26",23449
"26011","26",14953
"26013","26",8164
"26015","26",62061
"26017","26",102387
"26019","26",17852
"26021","26",153025
"26023","26",43424
"26025","26",133580
"26027","26",51584
"26029","26",26105
"26031","26",25365
"26033","26",36958
"26035","26",30771
"26037","26",79753
"26039","26",13981
"26041","26",35612
"26043","26",25112
"26045","26",110148
"26047","26",33342
"26049","26",404794
"26051","26",25424
"26053","26",13842
"26055","26",93592
"26057","26",40283
"26059","26",45658
"26061","26",35126
"26063","26",30653
"26065","26",290609
"26067","26",64553
"26069","26",25140
"26071","26",11066
"26073","26",69504
"26075","26",156920
"26077","26",265988
"26079","26",18003
"26081","26",658708
"26083","26",2119
"26085","26",11587
"26087","26",87635
"26089","26",21743
"26091","26",97808
"26093","26",192335
"26095","26",6126
"26097","26",10839
"26099","26",870791
"26101","26",24738
"26103","26",65834
"26105","26",29164
"26107","26",43907
"26109","26",22608
"26111","26",83441
"26113","26",15152
"26115","26",150568
"26117","26",63476
"26119","26",9337
"26121","26",173883
"26123","26",49348
"26125","26",1253459
"26127","26",26819
"26129","26",20923
"26131","26",5656
"26133","26",23466
"26135","26",8368
"26137","26",24765
"26139","26",294635
"26141","26",12665
"26143","26",23986
"26145","26",189868
"26147","26",159293
"26149","26",60848
"26151","26",40747
"26153","26",8104
"26155","26",67738
"26157","26",52289
"26159","26",75474
"26161","26",366473
"26163","26",1740623
"26165","26",33743
"27001","27",15848
"27003","27",359921
"27005","27",34456
"27007","27",47442
"27009","27",40958
"27011","27",4923
"27013","27",68241
"27015","27",24846
"27017","27",35769
"27019","27",106565
"27021","27",29928
"27023","27",11758
"27025","27",56794
"27027","27",64690
"27029","27",9017
"27031","27",5417
"27033","27",11242
"27035","27",65644
"27037","27",431807
"27039","27",20987
"27041","27",38328
"27043","27",13601
"27045","27",21135
"27047","27",30364
"27049","27",46318
"27051","27",6026
"27053","27",1268408
"27055","27",18632
"27057","27",21783
"27059","27",41429
"27061","27",45268
"27063","27",9768
"27065","27",16416
"27067","27",43130
"27069","27",4214
"27071","27",12059
"27073","27",6527
"27075","27",10639
"27077","27",3754
"27079","27",28741
"27081","27",5568
"27083","27",25271
"27085","27",35710
"27087","27",5473
"27089","27",9321
"27091","27",19484
"27093","27",23341
"27095","27",26146
"27097","27",33187
"27099","27",40150
"27101","27",8155
"27103","27",34482
"27105","27",21400
"27107","27",6338
"27109","27",159298
"27111","27",58741
"27113","27",13874
"27115","27",29359
"27117","27",9121
"27119","27",30900
"27121","27",11277
"27123","27",547903
"27125","27",4046
"27127","27",15079
"27129","27",14403
"27131","27",67084
"27133","27",9301
"27135","27",15117
"27137","27",198538
"27139","27",150689
"27141","27",98811
"27143","27",14715
"27145","27",162038
"27147","27",36596
"27149","27",9765
"27151","27",9176
"27153","27",24732
"27155","27",3218
"27157","27",21642
"27159","27",13807
"27161","27",18550
"27163","27",265476
"27165","27",10792
"27167","27",6161
"27169","27",50485
"27171","27",140249
"27173","27",9580
"28001","28",30275
"28003","28",36889
"28005","28",12205
"28007","28",18004
"28009","28",8351
"28011","28",30142
"28013","28",14241
"28015","28",9732
"28017","28",16951
"28019","28",8063
"28021","28",8911
"28023","28",15299
"28025","28",19352
"28027","28",21564
"28029","28",27933
"28031","28",18518
"28033","28",188275
"28035","28",75009
"28037","28",7657
"28039","28",24425
"28041","28",13477
"28043","28",20610
"28045","28",48000
"28047","28",208801
"28049","28",227966
"28051","28",16726
"28053","28",7827
"28055","28",1220
"28057","28",23261
"28059","28",143802
"28061","28",16332
"28063","28",6997
"28065","28",10890
"28067","28",67993
"28069","28",9521
"28071","28",54408
"28073","28",64165
"28075","28",73751
"28077","28",12480
"28079","28",22741
"28081","28",85466
"28083","28",27854
"28085","28",33936
"28087","28",58309
"28089","28",106871
"28091","28",24441
"28093","28",35301
"28095","28",35123
"28097","28",9661
"28099","28",28996
"28101","28",20866
"28103","28",10236
"28105","28",49789
"28107","28",33848
"28109","28",55876
"28111","28",11862
"28113","28",38997
"28115","28",32461
"28117","28",25013
"28119","28",6760
"28121","28",155975
"28123","28",28061
"28125","28",4160
"28127","28",26629
"28129","28",15779
"28131","28",18360
"28133","28",24740
"28135","28",13707
"28137","28",28539
"28139","28",21748
"28141","28",19275
"28143","28",9392
"28145","28",28866
"28147","28",14294
"28149","28",44841
"28151","28",42837
"28153","28",20317
"28155","28",9676
"28157","28",8351
"28159","28",17845
"28161","28",11982
"28163","28",26982
"29001","29",25399
"29003","29",17586
"29005","29",5096
"29007","29",24835
"29009","29",35818
"29011","29",11592
"29013","29",16242
"29015","29",19627
"29017","29",12111
"29019","29",182991
"29021","29",86530
"29023","29",42178
"29025","29",9051
"29027","29",44887
"29029","29",46414
"29031","29",79512
"29033","29",8554
"29035","29",5991
"29037","29",106806
"29039","29",14322
"29041","29",7360
"29043","29",90655
"29045","29",6830
"29047","29",253463
"29049","29",20553
"29051","29",76191
"29053","29",17102
"29055","29",23739
"29057","29",7568
"29059","29",17219
"29061","29",8283
"29063","29",10944
"29065","29",15481
"29067","29",13344
"29069","29",28878
"29071","29",104469
"29073","29",14566
"29075","29",6484
"29077","29",294997
"29079","29",9595
"29081","29",8321
"29083","29",22076
"29085","29",9586
"29087","29",4232
"29089","29",10001
"29091","29",40262
"29093","29",10098
"29095","29",705925
"29097","29",121648
"29099","29",226543
"29101","29",54219
"29103","29",3940
"29105","29",35895
"29107","29",33006
"29109","29",38175
"29111","29",9810
"29113","29",60119
"29115","29",11830
"29117","29",14413
"29119","29",22900
"29121","29",15095
"29123","29",12113
"29125","29",8795
"29127","29",28423
"29129","29",3558
"29131","29",25791
"29133","29",12691
"29135","29",15585
"29137","29",8672
"29139","29",11294
"29141","29",20716
"29143","29",16693
"29145","29",58451
"29147","29",21743
"29149","29",10411
"29151","29",13535
"29153","29",9083
"29155","29",15600
"29157","29",19194
"29159","29",42490
"29161","29",44414
"29163","29",17552
"29165","29",106532
"29167","29",32490
"29169","29",52709
"29171","29",4688
"29173","29",10299
"29175","29",24409
"29177","29",22915
"29179","29",6198
"29181","29",13300
"29183","29",406204
"29185","29",9689
"29186","29",17924
"29187","29",66485
"29189","29",994020
"29195","29",22858
"29197","29",4534
"29199","29",4871
"29201","29",38288
"29203","29",8203
"29205","29",5919
"29207","29",29001
"29209","29",32465
"29211","29",6033
"29213","29",56104
"29215","29",25112
"29217","29",20388
"29219","29",36594
"29221","29",24604
"29223","29",12769
"29225","29",39859
"29227","29",1953
"29229","29",18325
"29510","29",297645
"30001","30",9483
"30003","30",13063
"30005","30",6568
"30007","30",6444
"30009","30",10921
"30011","30",1235
"30013","30",81346
"30015","30",5699
"30017","30",11292
"30019","30",1638
"30021","30",8555
"30023","30",9204
"30025","30",2826
"30027","30",11104
"30029","30",105851
"30031","30",116806
"30033","30",1268
"30035","30",13594
"30037","30",827
"30039","30",3317
"30041","30",16358
"30043","30",12360
"30045","30",1994
"30047","30",30986
"30049","30",70229
"30051","30",2369
"30053","30",20343
"30055","30",1648
"30057","30",8959
"30059","30",1831
"30061","30",4544
"30063","30",121630
"30065","30",4669
"30067","30",16760
"30069","30",500
"30071","30",3919
"30073","30",5782
"30075","30",1681
"30077","30",6817
"30079","30",1067
"30081","30",45002
"30083","30",11043
"30085","30",10964
"30087","30",8836
"30089","30",12157
"30091","30",3261
"30093","30",35180
"30095","30",9888
"30097","30",3684
"30099","30",6249
"30101","30",4686
"30103","30",695
"30105","30",7359
"30107","30",2157
"30109","30",939
"30111","30",162990
"31001","31",31321
"31003","31",6264
"31005","31",466
"31007","31",786
"31009","31",457
"31011","31",5096
"31013","31",10696
"31015","31",1860
"31017","31",2981
"31019","31",50114
"31021","31",6477
"31023","31",7960
"31025","31",26232
"31027","31",8414
"31029","31",3840
"31031","31",5781
"31033","31",9111
"31035","31",6216
"31037","31",10587
"31039","31",8798
"31041","31",10626
"31043","31",20070
"31045","31",8361
"31047","31",23510
"31049","31",1793
"31051","31",5596
"31053","31",36222
"31055","31",574332
"31057","31",1671
"31059","31",5519
"31061","31",2940
"31063","31",2587
"31065","31",4653
"31067","31",21431
"31069","31",1847
"31071","31",1956
"31073","31",1986
"31075","31",630
"31077","31",2319
"31079","31",61028
"31081","31",9237
"31083","31",3311
"31085","31",916
"31087","31",2773
"31089","31",9956
"31091","31",647
"31093","31",6488
"31095","31",7099
"31097","31",5057
"31099","31",6652
"31101","31",7983
"31103","31",759
"31105","31",3495
"31107","31",8304
"31109","31",320650
"31111","31",34347
"31113","31",747
"31115","31",650
"31117","31",474
"31119","31",34813
"31121","31",7809
"31123","31",4625
"31125","31",3532
"31127","31",7044
"31129","31",4134
"31131","31",15965
"31133","31",2601
"31135","31",2867
"31137","31",9006
"31139","31",7184
"31141","31",33364
"31143","31",5201
"31145","31",10627
"31147","31",7791
"31149","31",1377
"31151","31",13987
"31153","31",188856
"31155","31",21927
"31157","31",35299
"31159","31",17186
"31161","31",5150
"31163","31",2986
"31165","31",1200
"31167","31",5880
"31169","31",4887
"31171","31",739
"31173","31",7220
"31175","31",4103
"31177","31",20901
"31179","31",9492
"31181","31",3419
"31183","31",790
"31185","31",13511
"32001","32",25363
"32003","32",2315963
"32005","32",49088
"32007","32",53006
"32009","32",886
"32011","32",2065
"32013","32",16962
"32015","32",5514
"32017","32",5159
"32019","32",58319
"32021","32",4518
"32023","32",48054
"32027","32",6573
"32029","32",4207
"32031","32",477082
"32033","32",9466
"32510","32",56034
"33001","33",61551
"33003","33",49167
"33005","33",76228
"33007","33",31174
"33009","33",90691
"33011","33",418735
"33013","33",152622
"33015","33",311307
"33017","33",131533
"33019","33",43267
"34001","34",262945
"34003","34",930394
"34005","34",446596
"34007","34",506809
"34009","34",91546
"34011","34",147008
"34013","34",800501
"34015","34",293245
"34017","34",671666
"34019","34",124797
"34021","34",367239
"34023","34",822736
"34025","34",618381
"34027","34",491087
"34029","34",614237
"34031","34",500382
"34033","34",62451
"34035","34",329331
"34037","34",140002
"34039","34",555394
"34041","34",105624
"35001","35",681666
"35003","35",3623
"35005","35",64711
"35006","35",26354
"35007","35",11927
"35009","35",48793
"35011","35",1673
"35013","35",221262
"35015","35",58418
"35017","35",27007
"35019","35",4275
"35021","35",638
"35023","35",4106
"35025","35",71830
"35027","35",19939
"35028","35",19462
"35029","35",23905
"35031","35",70824
"35033","35",4478
"35035","35",67967
"35037","35",8197
"35039","35",38521
"35041","35",18350
"35043","35",148904
"35045","35",123312
"35047","35",27144
"35049","35",151946
"35051","35",10867
"35053","35",16541
"35055","35",32593
"35057","35",15486
"35059","35",4026
"35061","35",77574
"36001","36",303654
"36003","36",45587
"36005","36",1401142
"36007","36",189420
"36009","36",75863
"36011","36",76029
"36013","36",126032
"36015","36",82622
"36017","36",46730
"36019","36",79778
"36021","36",59534
"36023","36",47173
"36025","36",43938
"36027","36",293293
"36029","36",917241
"36031","36",36891
"36033","36",49965
"36035","36",52812
"36037","36",56994
"36039","36",47177
"36041","36",4345
"36043","36",60945
"36045","36",108095
"36047","36",2538934
"36049","36",26187
"36051","36",62398
"36053","36",70478
"36055","36",740900
"36057","36",49170
"36059","36",1351334
"36061","36",1611989
"36063","36",208396
"36065","36",227346
"36067","36",459214
"36069","36",110091
"36071","36",385234
"36073","36",39978
"36075","36",116346
"36077","36",58701
"36079","36",98532
"36081","36",2225821
"36083","36",158108
"36085","36",475327
"36087","36",326225
"36089","36",107185
"36091","36",230298
"36093","36",155358
"36095","36",31132
"36097","36",17685
"36099","36",33991
"36101","36",94657
"36103","36",1474273
"36105","36",75802
"36107","36",47904
"36109","36",101058
"36111","36",177716
"36113","36",63756
"36115","36",60606
"36117","36",89339
"36119","36",965802
"36121","36",39465
"36123","36",24780
"37001","37",171346
"37003","37",37441
"37005","37",11194
"37007","37",24097
"37009","37",27166
"37011","37",17571
"37013","37",47073
"37015","37",18712
"37017","37",32911
"37019","37",149039
"37021","37",263477
"37023","37",90418
"37025","37",221479
"37027","37",82100
"37029","37",10984
"37031","37",69558
"37033","37",22443
"37035","37",160307
"37037","37",75748
"37039","37",29073
"37041","37",13815
"37043","37",11505
"37045","37",99035
"37047","37",54754
"37049","37",101233
"37051","37",336364
"37053","37",29052
"37055","37",37547
"37057","37",169234
"37059","37",43286
"37061","37",58794
"37063","37",327306
"37065","37",50829
"37067","37",383843
"37069","37",71859
"37071","37",226568
"37073","37",11464
"37075","37",8474
"37077","37",60486
"37079","37",20928
"37081","37",540521
"37083","37",49479
"37085","37",137058
"37087","37",62972
"37089","37",118445
"37091","37",23108
"37093","37",55830
"37095","37",4843
"37097","37",185770
"37099","37",44033
"37101","37",216246
"37103","37",9250
"37105","37",62353
"37107","37",55720
"37109","37",88097
"37111","37",45782
"37113","37",35994
"37115","37",21740
"37117","37",22178
"37119","37",1128945
"37121","37",14881
"37123","37",27238
"37125","37",103352
"37127","37",94859
"37129","37",236613
"37131","37",19088
"37133","37",203943
"37135","37",149077
"37137","37",12715
"37139","37",40372
"37141","37",64671
"37143","37",13667
"37145","37",39925
"37147","37",182924
"37149","37",21030
"37151","37",144557
"37153","37",44332
"37155","37",129999
"37157","37",91285
"37159","37",142495
"37161","37",67076
"37163","37",63382
"37165","37",34637
"37167","37",63239
"37169","37",45743
"37171","37",71683
"37173","37",14179
"37175","37",34498
"37177","37",3774
"37179","37",244562
"37181","37",44718
"37183","37",1132271
"37185","37",19522
"37187","37",11485
"37189","37",56441
"37191","37",123967
"37193","37",68043
"37195","37",81979
"37197","37",37625
"37199","37",18099
"38001","38",2188
"38003","38",10402
"38005","38",6762
"38007","38",890
"38009","38",6287
"38011","38",2986
"38013","38",2118
"38015","38",96212
"38017","38",183904
"38019","38",3713
"38021","38",4705
"38023","38",2277
"38025","38",4465
"38027","38",2179
"38029","38",3187
"38031","38",3165
"38033","38",1737
"38035","38",69481
"38037","38",2215
"38039","38",2207
"38041","38",2438
"38043","38",2458
"38045","38",4033
"38047","38",1880
"38049","38",5695
"38051","38",2440
"38053","38",15242
"38055","38",9416
"38057","38",8174
"38059","38",31503
"38061","38",10502
"38063","38",2789
"38065","38",1926
"38067","38",6658
"38069","38",3928
"38071","38",11388
"38073","38",5173
"38075","38",2283
"38077","38",16156
"38079","38",14165
"38081","38",3913
"38083","38",1275
"38085","38",4173
"38087","38",747
"38089","38",32107
"38091","38",1890
"38093","38",20498
"38095","38",2108
"38097","38",7959
"38099","38",10437
"38101","38",68466
"38103","38",3709
"38105","38",38700
"39001","39",27531
"39003","39",101980
"39005","39",53362
"39007","39",96513
"39009","39",65481
"39011","39",45680
"39013","39",65932
"39015","39",43414
"39017","39",385648
"39019","39",26897
"39021","39",38960
"39023","39",133593
"39025","39",207449
"39027","39",41921
"39029","39",101118
"39031","39",36449
"39033","39",41338
"39035","39",1227883
"39037","39",51205
"39039","39",37778
"39041","39",213554
"39043","39",73719
"39045","39",159709
"39047","39",28579
"39049","39",1324624
"39051","39",41889
"39053","39",29802
"39055","39",93271
"39057","39",170122
"39059","39",38779
"39061","39",817985
"39063","39",75407
"39065","39",31469
"39067","39",15014
"39069","39",26904
"39071","39",43304
"39073","39",28095
"39075","39",44004
"39077","39",57979
"39079","39",32493
"39081","39",64939
"39083","39",62423
"39085","39",229569
"39087","39",59091
"39089","39",178100
"39091","39",45326
"39093","39",312172
"39095","39",428294
"39097","39",44559
"39099","39",226075
"39101","39",64820
"39103","39",180912
"39105","39",22678
"39107","39",41274
"39109","39",107516
"39111","39",13586
"39113","39",531610
"39115","39",14305
"39117","39",35411
"39119","39",86020
"39121","39",14364
"39123","39",40253
"39125","39",18648
"39127","39",36215
"39129","39",58658
"39131","39",27695
"39133","39",162583
"39135","39",40836
"39137","39",33654
"39139","39",120891
"39141","39",76420
"39143","39",58351
"39145","39",74347
"39147","39",54938
"39149","39",48337
"39151","39",369772
"39153","39",538866
"39155","39",196800
"39157","39",91776
"39159","39",60021
"39161","39",28159
"39163","39",12972
"39165","39",238412
"39167","39",59652
"39169","39",115694
"39171","39",36565
"39173","39",131113
"39175","39",21711
"40001","40",21955
"40003","40",5718
"40005","40",13912
"40007","40",5207
"40009","40",21468
"40011","40",9447
"40013","40",48998
"40015","40",28684
"40017","40",153192
"40019","40",48353
"40021","40",49019
"40023","40",14646
"40025","40",2145
"40027","40",287066
"40029","40",5587
"40031","40",121099
"40033","40",5676
"40035","40",14194
"40037","40",71485
"40039","40",28648
"40041","40",43136
"40043","40",4815
"40045","40",3830
"40047","40",60869
"40049","40",27691
"40051","40",55906
"40053","40",4372
"40055","40",5704
"40057","40",2557
"40059","40",3611
"40061","40",12652
"40063","40",13126
"40065","40",24305
"40067","40",5949
"40069","40",10824
"40071","40",43274
"40073","40",15806
"40075","40",8741
"40077","40",10132
"40079","40",49935
"40081","40",35045
"40083","40",48777
"40085","40",10230
"40087","40",41348
"40089","40",32772
"40091","40",19635
"40093","40",7579
"40095","40",17114
"40097","40",41152
"40099","40",13955
"40101","40",67610
"40103","40",11113
"40105","40",10076
"40107","40",11765
"40109","40",804041
"40111","40",38234
"40113","40",46642
"40115","40",30879
"40117","40",16381
"40119","40",81755
"40121","40",43679
"40123","40",38397
"40125","40",72998
"40127","40",10970
"40129","40",3570
"40131","40",93155
"40133","40",24248
"40135","40",41538
"40137","40",43100
"40139","40",19997
"40141","40",7229
"40143","40",657589
"40145","40",82925
"40147","40",52222
"40149","40",10830
"40151","40",8687
"40153","40",19812
"41001","41",16284
"41003","41",93239
"41005","41",421596
"41007","41",40423
"41009","41",52876
"41011","41",64711
"41013","41",25105
"41015","41",23305
"41017","41",201769
"41019","41",111364
"41021","41",1975
"41023","41",7180
"41025","41",7373
"41027","41",23280
"41029","41",221844
"41031","41",24856
"41033","41",88053
"41035","41",68739
"41037","41",7949
"41039","41",382986
"41041","41",50583
"41043","41",131054
"41045","41",30983
"41047","41",349204
"41049","41",11700
"41051","41",815637
"41053","41",87744
"41055","41",1801
"41057","41",27442
"41059","41",77752
"41061","41",26551
"41063","41",7181
"41065","41",26403
"41067","41",603514
"41069","41",1387
"41071","41",107664
"42001","42",102742
"42003","42",1211358
"42005","42",64162
"42007","42",162575
"42009","42",47817
"42011","42",421017
"42013","42",121007
"42015","42",60221
"42017","42",627987
"42019","42",189135
"42021","42",128672
"42023","42",4330
"42025","42",64081
"42027","42",161496
"42029","42",526759
"42031","42",38305
"42033","42",78612
"42035","42",37957
"42037","42",64842
"42039","42",83697
"42041","42",255857
"42043","42",279874
"42045","42",566753
"42047","42",29607
"42049","42",268426
"42051","42",128126
"42053","42",6965
"42055","42",155637
"42057","42",14501
"42059","42",35621
"42061","42",44590
"42063","42",83664
"42065","42",43108
"42067","42",24619
"42069","42",208989
"42071","42",546192
"42073","42",85083
"42075","42",141663
"42077","42",370802
"42079","42",316982
"42081","42",113209
"42083","42",40333
"42085","42",108545
"42087","42",46064
"42089","42",170154
"42091","42",833869
"42093","42",18042
"42095","42",305892
"42097","42",90258
"42099","42",46212
"42101","42",1578487
"42103","42",56072
"42105","42",16453
"42107","42",140709
"42109","42",40317
"42111","42",72916
"42113","42",5913
"42115","42",40006
"42117","42",40381
"42119","42",44294
"42121","42",50328
"42123","42",38911
"42125","42",206803
"42127","42",51163
"42129","42",347087
"42131","42",26557
"42133","42",450448
"44001","44",48350
"44003","44",164646
"44005","44",81836
"44007","44",636547
"44009","44",125746
"45001","45",24404
"45003","45",172895
"45005","45",8331
"45007","45",204353
"45009","45",13906
"45011","45",20805
"45013","45",195656
"45015","45",235987
"45017","45",14554
"45019","45",417981
"45021","45",57316
"45023","45",32232
"45025","45",45606
"45027","45",33415
"45029","45",37481
"45031","45",66509
"45033","45",30367
"45035","45",165737
"45037","45",27120
"45039","45",22059
"45041","45",137588
"45043","45",63353
"45045","45",532486
"45047","45",71074
"45049","45",18053
"45051","45",365449
"45053","45",31588
"45055","45",67472
"45057","45",100926
"45059","45",67883
"45061","45",16701
"45063","45",303946
"45065","45",9430
"45067","45",30158
"45069","45",25581
"45071","45",38445
"45073","45",80015
"45075","45",85343
"45077","45",127983
"45079","45",419051
"45081","45",20315
"45083","45",326205
"45085","45",106360
"45087","45",26991
"45089","45",29825
"45091","45",289105
"46003","46",2730
"46005","46",18513
"46007","46",3399
"46009","46",6848
"46011","46",35603
"46013","46",38738
"46015","46",5254
"46017","46",1956
"46019","46",10538
"46021","46",1380
"46023","46",9262
"46025","46",3802
"46027","46",14246
"46029","46",28186
"46031","46",4031
"46033","46",9017
"46035","46",19812
"46037","46",5345
"46039","46",4346
"46041","46",5789
"46043","46",2906
"46045","46",3817
"46047","46",6708
"46049","46",2306
"46051","46",7000
"46053","46",4219
"46055","46",1861
"46057","46",6234
"46059","46",3127
"46061","46",3489
"46063","46",1311
"46065","46",17336
"46067","46",7282
"46069","46",1281
"46071","46",3321
"46073","46",1985
"46075","46",938
"46077","46",4987
"46079","46",12488
"46081","46",26221
"46083","46",63019
"46085","46",3797
"46087","46",5520
"46089","46",2363
"46091","46",4884
"46093","46",28588
"46095","46",2089
"46097","46",2202
"46099","46",196659
"46101","46",6525
"46102","46",14070
"46103","46",115926
"46105","46",2832
"46107","46",2163
"46109","46",10331
"46111","46",2322
"46115","46",6319
"46117","46",3121
"46119","46",1391
"46121","46",10313
"46123","46",5377
"46125","46",8368
"46127","46",16192
"46129","46",5336
"46135","46",22742
"46137","46",2656
"47001","47",77558
"47003","47",50179
"47005","47",16131
"47007","47",15223
"47009","47",134751
"47011","47",109071
"47013","47",39837
"47015","47",14847
"47017","47",27779
"47019","47",56418
"47021","47",41101
"47023","47",17432
"47025","47",32023
"47027","47",7629
"47029","47",36225
"47031","47",57632
"47033","47",14180
"47035","47",61603
"47037","47",694176
"47039","47",11601
"47041","47",20837
"47043","47",54376
"47045","47",36693
"47047","47",41620
"47049","47",18787
"47051","47",42485
"47053","47",49159
"47055","47",29530
"47057","47",23565
"47059","47",69571
"47061","47",13485
"47063","47",65110
"47065","47",371662
"47067","47",6493
"47069","47",24836
"47071","47",25583
"47073","47",56775
"47075","47",17002
"47077","47",28076
"47079","47",32056
"47081","47",25387
"47083","47",8292
"47085","47",18590
"47087","47",11864
"47089","47",55307
"47091","47",17849
"47093","47",475609
"47095","47",6988
"47097","47",25451
"47099","47",44432
"47101","47",12363
"47103","47",34540
"47105","47",54910
"47107","47",54208
"47109","47",25696
"47111","47",24827
"47113","47",98360
"47115","47",28924
"47117","47",35016
"47119","47",99590
"47121","47",12532
"47123","47",47177
"47125","47",214251
"47127","47",6438
"47129","47",21431
"47131","47",30131
"47133","47",22566
"47135","47",8099
"47137","47",5061
"47139","47",16835
"47141","47",80929
"47143","47",33443
"47145","47",53841
"47147","47",72275
"47149","47",339261
"47151","47",22090
"47153","47",15176
"47155","47",99244
"47157","47",936017
"47159","47",20285
"47161","47",13859
"47163","47",158755
"47165","47",195561
"47167","47",61918
"47169","47",11455
"47171","47",17755
"47173","47",20187
"47175","47",5947
"47177","47",41605
"47179","47",130367
"47181","47",16524
"47183","47",33334
"47185","47",27707
"47187","47",245348
"47189","47",148130
"48001","48",57805
"48003","48",18879
"48005","48",86796
"48007","48",23814
"48009","48",8730
"48011","48",1869
"48013","48",51724
"48015","48",29972
"48017","48",6697
"48019","48",23861
"48021","48",91601
"48023","48",3518
"48025","48",32513
"48027","48",369927
"48029","48",2026823
"48031","48",12269
"48033","48",706
"48035","48",18603
"48037","48",93481
"48039","48",380518
"48041","48",232555
"48043","48",9237
"48045","48",1487
"48047","48",6964
"48049","48",37633
"48051","48",18514
"48053","48",49653
"48055","48",43979
"48057","48",21001
"48059","48",14110
"48061","48",424180
"48063","48",13060
"48065","48",5854
"48067","48",29879
"48069","48",7396
"48071","48",45590
"48073","48",52875
"48075","48",7143
"48077","48",10550
"48079","48",2897
"48081","48",3323
"48083","48",8100
"48085","48",1072069
"48087","48",2877
"48089","48",21610
"48091","48",164812
"48093","48",13750
"48095","48",2827
"48097","48",41393
"48099","48",76737
"48101","48",1363
"48103","48",4765
"48105","48",3513
"48107","48",5567
"48109","48",2149
"48111","48",7273
"48113","48",2635888
"48115","48",12974
"48117","48",18277
"48119","48",5349
"48121","48",919324
"48123","48",20174
"48125","48",2140
"48127","48",9925
"48129","48",3308
"48131","48",11058
"48133","48",18388
"48135","48",167701
"48137","48",1923
"48139","48",191760
"48141","48",841286
"48143","48",43224
"48145","48",17275
"48147","48",35913
"48149","48",25547
"48151","48",3784
"48153","48",5672
"48155","48",1135
"48157","48",839706
"48159","48",10821
"48161","48",19874
"48163","48",20379
"48165","48",21996
"48167","48",345089
"48169","48",6222
"48171","48",26960
"48173","48",1439
"48175","48",7626
"48177","48",20948
"48179","48",21658
"48181","48",138318
"48183","48",124229
"48185","48",29614
"48187","48",170608
"48189","48",32754
"48191","48",2939
"48193","48",8557
"48195","48",5279
"48197","48",4011
"48199","48",58305
"48201","48",4738253
"48203","48",66386
"48205","48",5443
"48207","48",5754
"48209","48",241365
"48211","48",3777
"48213","48",83792
"48215","48",875200
"48217","48",37006
"48219","48",22921
"48221","48",63527
"48223","48",37170
"48225","48",22835
"48227","48",36540
"48229","48",4906
"48231","48",99807
"48233","48",20677
"48235","48",1564
"48237","48",9056
"48239","48",14854
"48241","48",35375
"48243","48",2220
"48245","48",250127
"48247","48",5184
"48249","48",40452
"48251","48",179575
"48253","48",19875
"48255","48",15562
"48257","48",143198
"48259","48",48523
"48261","48",379
"48263","48",786
"48265","48",52869
"48267","48",4396
"48269","48",283
"48271","48",3670
"48273","48",30338
"48275","48",3683
"48277","48",49905
"48279","48",12710
"48281","48",21789
"48283","48",7500
"48285","48",20216
"48287","48",17397
"48289","48",17493
"48291","48",91547
"48293","48",23340
"48295","48",3111
"48297","48",12324
"48299","48",21958
"48301","48",181
"48303","48",314772
"48305","48",6025
"48307","48",7823
"48309","48",259730
"48311","48",721
"48313","48",14427
"48315","48",9960
"48317","48",5816
"48319","48",4344
"48321","48",36725
"48323","48",58378
"48325","48",52358
"48327","48",2124
"48329","48",177863
"48331","48",24708
"48333","48",4840
"48335","48",8202
"48337","48",19962
"48339","48",626351
"48341","48",20654
"48343","48",12393
"48345","48",1185
"48347","48",64753
"48349","48",50694
"48351","48",13414
"48353","48",14835
"48355","48",363148
"48357","48",9598
"48359","48",2135
"48361","48",82878
"48363","48",29320
"48365","48",23187
"48367","48",148198
"48369","48",9522
"48371","48",15718
"48373","48",52995
"48375","48",116004
"48377","48",6508
"48379","48",12552
"48381","48",139899
"48383","48",3833
"48385","48",3411
"48387","48",11995
"48389","48",15949
"48391","48",6877
"48393","48",813
"48395","48",17155
"48397","48",109888
"48399","48",10401
"48401","48",54324
"48403","48",10507
"48405","48",8248
"48407","48",29301
"48409","48",67069
"48411","48",6039
"48413","48",2761
"48415","48",16662
"48417","48",3300
"48419","48",24915
"48421","48",3027
"48423","48",235806
"48425","48",9139
"48427","48",64266
"48429","48",9334
"48431","48",1315
"48433","48",1348
"48435","48",3738
"48437","48",7340
"48439","48",2123347
"48441","48",139200
"48443","48",702
"48445","48",12183
"48447","48",1487
"48449","48",32926
"48451","48",120010
"48453","48",1300503
"48455","48",14883
"48457","48",21591
"48459","48",42166
"48461","48",3623
"48463","48",26742
"48465","48",49028
"48467","48",57533
"48469","48",91936
"48471","48",72164
"48473","48",57452
"48475","48",12097
"48477","48",35771
"48479","48",277681
"48481","48",41685
"48483","48",4946
"48485","48",133205
"48487","48",12552
"48489","48",21161
"48491","48",617855
"48493","48",52023
"48495","48",7887
"48497","48",71084
"48499","48",46291
"48501","48",8702
"48503","48",17904
"48505","48",14172
"48507","48",11840
"49001","49",6761
"49003","49",57007
"49005","49",130004
"49007","49",20760
"49009","49",1026
"49011","49",359232
"49013","49",19894
"49015","49",10147
"49017","49",5050
"49019","49",9796
"49021","49",56814
"49023","49",12122
"49025","49",7914
"49027","49",13327
"49029","49",12462
"49031","49",1473
"49033","49",2452
"49035","49",1165517
"49037","49",15278
"49039","49",31393
"49041","49",21780
"49043","49",42499
"49045","49",74512
"49047","49",35970
"49049","49",651059
"49051","49",35300
"49053","49",184913
"49055","49",2759
"49057","49",262658
"50001","50",36851
"50003","50",35338
"50005","50",29705
"50007","50",164306
"50009","50",6123
"50011","50",49685
"50013","50",7169
"50015","50",25341
"50017","50",28837
"50019","50",26897
"50021","50",57764
"50023","50",58328
"50025","50",42015
"50027","50",54988
"51001","51",32238
"51003","51",110652
"51005","51",14701
"51007","51",13014
"51009","51",31667
"51011","51",16043
"51013","51",240119
"51015","51",76544
"51017","51",4119
"51019","51",79811
"51021","51",6239
"51023","51",33633
"51025","51",16037
"51027","51",20613
"51029","51",17168
"51031","51",55304
"51033","51",30860
"51035","51",30074
"51036","51",6821
"51037","51",11820
"51041","51",358245
"51043","51",14622
"51045","51",5077
"51047","51",53569
"51049","51",9933
"51051","51",14078
"51053","51",28688
"51057","51",10943
"51059","51",1150847
"51061","51",71361
"51063","51",15777
"51065","51",27422
"51067","51",56167
"51069","51",91119
"51071","51",16663
"51073","51",37459
"51075","51",24431
"51077","51",15493
"51079","51",20131
"51081","51",11280
"51083","51",33633
"51085","51",108262
"51087","51",333766
"51089","51",50309
"51091","51",2200
"51093","51",37725
"51095","51",77612
"51097","51",6942
"51099","51",27381
"51101","51",17641
"51103","51",10618
"51105","51",23238
"51107","51",422784
"51109","51",38132
"51111","51",12267
"51113","51",13312
"51115","51",8766
"51117","51",30679
"51119","51",10569
"51121","51",98391
"51125","51",14755
"51127","51",23648
"51131","51",11673
"51133","51",12069
"51135","51",15160
"51137","51",37695
"51139","51",23933
"51141","51",17493
"51143","51",59850
"51145","51",30148
"51147","51",23006
"51149","51",38686
"51153","51",475533
"51155","51",33935
"51157","51",7260
"51159","51",9071
"51161","51",94509
"51163","51",22757
"51165","51",82346
"51167","51",26647
"51169","51",21629
"51171","51",43905
"51173","51",30090
"51175","51",17636
"51177","51",138449
"51179","51",156748
"51181","51",6385
"51183","51",10925
"51185","51",40529
"51187","51",40475
"51191","51",53695
"51193","51",18149
"51195","51",37206
"51197","51",28620
"51199","51",69199
"51510","51",158726
"51520","51",17329
"51530","51",6402
"51540","51",46950
"51550","51",247011
"51570","51",17205
"51580","51",5639
"51590","51",39869
"51595","51",5257
"51600","51",23429
"51610","51",14631
"51620","51",7833
"51630","51",29492
"51640","51",6296
"51650","51",135464
"51660","51",53204
"51670","51",22375
"51678","51",7279
"51680","51",81561
"51683","51",40869
"51685","51",18004
"51690","51",12355
"51700","51",179062
"51710","51",242803
"51720","51",3985
"51730","51",30446
"51735","51",12257
"51740","51",95094
"51750","51",18255
"51760","51",232226
"51770","51",99058
"51775","51",25340
"51790","51",25190
"51800","51",93913
"51810","51",451231
"51820","51",22741
"51830","51",15259
"51840","51",27700
"53001","53",20027
"53003","53",22820
"53005","53",206426
"53007","53",77574
"53009","53",78067
"53011","53",496865
"53013","53",4048
"53015","53",111371
"53017","53",43560
"53019","53",7759
"53021","53",97075
"53023","53",2290
"53025","53",99377
"53027","53",75950
"53029","53",86014
"53031","53",32700
"53033","53",2274315
"53035","53",272787
"53037","53",49204
"53039","53",22697
"53041","53",82109
"53043","53",11090
"53045","53",68224
"53047","53",42620
"53049","53",22984
"53051","53",14144
"53053","53",913890
"53055","53",17492
"53057","53",130789
"53059","53",12107
"53061","53",830393
"53063","53",528225
"53065","53",46360
"53067","53",294074
"53069","53",4498
"53071","53",61292
"53073","53",231016
"53075","53",49500
"53077","53",251879
"54001","54",16444
"54003","54",122125
"54005","54",21055
"54007","54",13702
"54009","54",21674
"54011","54",91589
"54013","54",6945
"54015","54",8341
"54017","54",8368
"54019","54",42062
"54021","54",7811
"54023","54",11510
"54025","54",34319
"54027","54",23190
"54029","54",28571
"54031","54",13633
"54033","54",66870
"54035","54",28453
"54037","54",57486
"54039","54",176253
"54041","54",15805
"54043","54",20043
"54045","54",31688
"54047","54",16916
"54049","54",55962
"54051","54",30103
"54053","54",26335
"54055","54",58258
"54057","54",26722
"54059","54",22951
"54061","54",106819
"54063","54",13229
"54065","54",17873
"54067","54",24340
"54069","54",41182
"54071","54",6932
"54073","54",7438
"54075","54",8190
"54077","54",33380
"54079","54",56428
"54081","54",72920
"54083","54",28387
"54085","54",9499
"54087","54",13482
"54089","54",12444
"54091","54",16699
"54093","54",6816
"54095","54",8533
"54097","54",24230
"54099","54",39054
"54101","54",8058
"54103","54",14904
"54105","54",5705
"54107","54",82938
"54109","54",20123
"55001","55",20498
"55003","55",15415
"55005","55",45090
"55007","55",15242
"55009","55",264610
"55011","55",13033
"55013","55",15557
"55015","55",50209
"55017","55",64737
"55019","55",34720
"55021","55",57668
"55023","55",16021
"55025","55",552536
"55027","55",87336
"55029","55",27889
"55031","55",43702
"55033","55",45452
"55035","55",105260
"55037","55",4298
"55039","55",102902
"55041","55",8960
"55043","55",51021
"55045","55",36603
"55047","55",18908
"55049","55",23640
"55051","55",5698
"55053","55",20630
"55055","55",85038
"55057","55",26908
"55059","55",169671
"55061","55",20386
"55063","55",118502
"55065","55",16646
"55067","55",19119
"55069","55",27566
"55071","55",78757
"55073","55",135593
"55075","55",40262
"55077","55",15585
"55078","55",4546
"55079","55",945016
"55081","55",46582
"55083","55",38383
"55085","55",35751
"55087","55",188766
"55089","55",90043
"55091","55",7271
"55093","55",42700
"55095","55",43794
"55097","55",71032
"55099","55",13245
"55101","55",195802
"55103","55",17258
"55105","55",163084
"55107","55",14022
"55109","55",91838
"55111","55",64449
"55113","55",16700
"55115","55",40786
"55117","55",115240
"55119","55",20318
"55121","55",29681
"55123","55",30861
"55125","55",22356
"55127","55",103953
"55129","55",15712
"55131","55",136445
"55133","55",406172
"55135","55",50664
"55137","55",24326
"55139","55",171631
"55141","55",72560
"56001","56",38950
"56003","56",11575
"56005","56",46676
"56007","56",14711
"56009","56",13804
"56011","56",7593
"56013","56",39317
"56015","56",13235
"56017","56",4425
"56019","56",8588
"56021","56",100595
"56023","56",20253
"56025","56",80815
"56027","56",2275
"56029","56",29331
"56031","56",8578
"56033","56",30863
"56035","56",9856
"56037","56",42673
"56039","56",23497
"56041","56",20215
"56043","56",7760
"56045","56",6743