"date","adult_icu_bed_used","inIcuCurrently","hospitalizedCurrently","adult_icu_beds_capacity","inpatient_beds_used","inpatient_beds_capacity"
"2020-12-16",69666,27039,122458,89434,608831,818605
"2020-12-17",69693,26891,123208,89585,607058,819655
"2020-12-18",69423,26801,121337,89529,605107,819673
"2020-12-19",68433,26667,120282,89594,585874,816314
"2020-12-20",67237,27060,121778,89313,571166,812896
"2020-12-21",67530,27395,123137,89390,540978,767394
"2020-12-22",69255,27761,127287,89656,562450,776075
"2020-12-23",68847,27730,127766,89490,589958,817654
"2020-12-24",67752,27408,125454,89524,563029,808791
"2020-12-25",65571,27204,121580,89028,521043,803382
"2020-12-26",65578,27555,123776,89276,521911,803207
"2020-07-15",15549,10655,73902,23357,308480,433116
"2020-12-27",66347,28024,128345,89158,539385,804147
"2020-12-28",67235,28366,129749,89020,525323,758799
"2020-12-29",69521,28554,131666,89429,554306,765268
"2021-07-01",58622,4076,17217,84856,588435,795623
"2020-12-30",70021,28400,133223,89725,599173,816943
"2021-07-02",58175,4505,18525,85081,580563,793823
"2020-12-31",69717,28474,132160,89704,593380,814571
"2021-07-03",56265,4162,17017,84638,555363,788945
"2021-07-04",54573,4270,17311,84345,539168,786336
"2021-07-05",54078,4346,17495,83825,492599,725344
"2020-07-22",33663,13913,73243,49711,410576,566531
"2021-07-06",55250,4487,18216,83998,508829,727500
"2020-07-23",42304,15960,69735,62388,461228,660175
"2021-07-07",58426,4611,19247,84874,582541,793662
"2020-07-24",42755,15764,67925,62530,449488,636592
"2021-07-08",58843,4742,19620,84955,591215,795252
"2020-07-25",45324,16171,72268,67101,461737,668194
"2021-07-09",59227,4804,19815,85172,590363,794947
"2020-07-26",45091,14530,62144,63316,424362,623590
"2021-07-10",57484,4931,20206,84590,571627,790250
"2020-07-27",45845,16557,67375,69637,452325,675712
"2021-07-11",56231,5156,20731,84471,559209,787884
"2020-07-28",48144,16938,69854,71840,476226,684508
"2021-07-12",56475,5397,21703,84215,520620,730961
"2020-07-29",48733,16254,66625,71136,483207,686623
"2021-02-01",66515,23008,97754,89752,532258,755722
"2021-07-13",59232,5581,22658,84739,543294,735760
"2020-07-30",50191,16939,67062,73552,488339,697575
"2021-02-02",68158,22598,97068,90062,555037,758973
"2021-07-14",60722,5755,23673,85429,600192,796980
"2020-07-31",50137,16824,65974,72893,485660,696253
"2021-02-03",68223,22200,95866,89982,599222,810721
"2021-07-15",60480,5958,24412,85320,600512,797869
"2021-02-04",68112,21666,93086,90189,598598,810041
"2021-07-16",60173,6290,25203,85425,595868,797196
"2021-02-05",67844,21124,90488,89951,594258,808348
"2021-07-17",58917,6468,25827,85074,577096,793342
"2021-02-06",66614,20612,87222,89440,578248,805151
"2021-07-18",57310,6766,26924,84734,563552,791136
"2021-02-07",64908,20179,85840,89150,561573,799155
"2021-07-19",57599,7200,28568,84590,525069,731922
"2021-02-08",64618,20114,83646,88953,527830,752414
"2021-07-20",60398,7649,30458,85196,548582,734714
"2021-02-09",66759,19796,83388,89561,553661,759983
"2021-07-21",61179,7955,31908,85632,603745,799563
"2021-02-10",67160,19162,81000,89649,598926,809204
"2021-07-22",61155,8206,33382,85454,602503,797743
"2021-02-11",66621,18477,77835,89399,596117,808252
"2021-07-23",61166,8569,34979,85645,598539,798323
"2021-02-12",66215,18082,74914,89418,588817,806073
"2021-07-24",59974,8939,36071,85302,579262,794350
"2021-02-13",64756,17646,72257,88834,567808,800881
"2021-07-25",58744,9364,38043,85139,567446,791449
"2021-02-14",62848,17188,70436,89153,552648,796483
"2021-07-26",59142,9975,40627,84678,534711,740417
"2021-02-15",62770,17075,68662,88150,515302,748293
"2021-07-27",61472,10493,43361,85167,558404,742694
"2021-02-16",64162,16757,68310,88621,534546,751621
"2021-07-28",62921,10828,45539,86013,608169,798324
"2020-10-01",57063,9576,37579,81573,554472,773645
"2021-02-17",65245,16441,69995,89180,584409,804402
"2021-07-29",62701,11346,47298,85538,606899,797883
"2020-10-02",56900,9602,37519,82406,549219,780862
"2021-02-18",64740,15944,65872,88777,584276,804269
"2021-07-30",62646,11894,49718,85672,602298,795722
"2020-10-03",55367,9654,37275,81857,530144,776112
"2021-02-19",64601,15306,63962,88773,584165,804370
"2021-07-31",61386,12532,51524,85414,584673,793187
"2020-10-04",53911,9785,37781,81566,514260,773587
"2021-02-20",63133,14994,61706,88409,565915,801242
"2020-10-05",54661,10109,39086,82251,522570,777761
"2021-02-21",61667,14633,60828,88219,552863,798681
"2020-10-06",57401,10451,40974,82576,549988,780931
"2021-02-22",62089,14582,60017,88558,522424,752860
"2020-10-07",58192,10466,41678,82892,562800,786124
"2021-02-23",64558,14216,59373,89014,548454,757657
"2020-10-08",58427,10374,42221,82918,566944,788424
"2021-02-24",64996,13702,58683,89378,597928,808999
"2020-10-09",58930,10382,41658,83700,564207,790033
"2021-02-25",64412,13345,56504,88815,594852,806394
"2020-10-10",57980,10413,41306,83852,546257,787125
"2021-02-26",63873,12947,54417,88717,589359,805584
"2020-10-11",56061,10494,41280,83150,528781,779864
"2021-02-27",62355,12537,52502,88336,570251,802941
"2020-10-12",56621,10726,42624,84097,531004,783617
"2021-02-28",60667,12402,51630,88410,553642,798726
"2020-10-13",58881,10490,43818,84213,557208,785802
"2020-10-14",59496,10361,43749,84381,569971,794684
"2020-10-15",59925,10535,43849,84836,570556,795749
"2020-10-16",60596,10584,44177,85681,568620,797541
"2020-10-17",61163,10874,45252,87066,548579,794049
"2020-10-18",57490,10780,43760,84728,532713,794007
"2020-10-19",58114,11326,45089,85777,531007,791594
"2020-10-20",60636,11375,46437,86008,554730,805949
"2020-10-21",61210,11721,47393,86260,575608,818096
"2020-10-22",61171,11734,47301,86522,577666,822392
"2020-10-23",61718,11773,47520,86971,574456,822108
"2020-10-24",59958,11890,47727,86418,554702,821287
"2020-10-25",58352,11956,48044,86228,538084,818707
"2020-10-26",58404,12306,49484,86457,520567,795677
"2020-10-27",61131,12600,51233,87175,544931,795761
"2020-10-28",62415,12829,52968,87849,579931,858467
"2020-10-29",62565,12922,52945,87790,578578,813495
"2021-05-01",60071,10048,39595,86356,569168,797408
"2020-10-30",62268,13015,53954,87373,573694,800761
"2021-05-02",58508,10067,39535,86215,554608,793815
"2020-10-31",60869,13072,53856,87095,544796,788543
"2021-05-03",58745,10274,39839,85975,521107,743775
"2021-05-04",61365,10218,39808,86069,547191,748567
"2021-05-05",61739,9923,39444,86667,597563,805224
"2021-05-06",61789,9808,38452,86824,596441,805201
"2021-05-07",61212,9603,37625,86581,587312,799535
"2021-05-08",59352,9391,36148,86124,563451,796000
"2021-05-09",57703,9323,35449,85766,547761,791235
"2021-05-10",57562,9339,35440,85539,508908,738849
"2021-05-11",59995,9266,35259,85799,536018,743547
"2021-05-12",60624,9009,34886,86183,587654,797307
"2021-05-13",60329,8845,33943,86014,586392,799088
"2021-05-14",59635,8485,32796,86117,580264,797624
"2021-05-15",58240,8335,31516,85620,559907,794105
"2021-05-16",56819,8246,31156,85418,546513,790034
"2021-05-17",57405,8255,30930,85528,513574,740016
"2021-05-18",59936,8089,30655,86086,538274,744609
"2021-05-19",60586,7946,30711,86278,590108,798464
"2021-05-20",60405,7746,29360,86050,591317,801279
"2021-05-21",59908,7599,28850,86061,585822,799769
"2021-05-22",59074,7398,27831,85635,567852,798398
"2021-05-23",56515,7336,27392,85143,550700,792387
"2021-05-24",56977,7375,27464,84918,516990,740283
"2021-05-25",59562,7231,27462,85677,543417,744824
"2021-05-26",60355,6990,26994,86005,592918,797846
"2021-05-27",60330,6860,26353,86067,591031,797879
"2021-05-28",59266,6661,25623,85780,583100,797559
"2020-08-01",49655,16664,69338,73170,471223,694332
"2021-05-29",57380,6450,24539,85266,557120,792483
"2020-08-02",48048,16354,68683,72161,453760,684798
"2021-05-30",55559,6384,23750,85407,541568,791324
"2020-08-03",48476,16555,63855,73427,459978,692622
"2021-05-31",54967,6471,23602,85332,495611,739382
"2020-08-04",49547,16492,63921,72081,490697,704738
"2020-08-05",50704,16349,63094,72868,503951,715806
"2020-08-06",50509,16158,61554,72852,502270,715505
"2020-08-07",50047,16104,61223,73182,498165,716829
"2020-08-08",49263,15604,58724,73253,487213,719810
"2020-08-09",47983,15488,57973,72603,472164,710540
"2020-08-10",48530,15466,58882,72623,481598,717700
"2020-08-11",50055,15587,59467,73680,503372,719795
"2020-08-12",50775,15228,59012,73577,513093,723627
"2020-08-13",50588,15034,58376,73623,512707,723844
"2020-08-14",51464,14805,55238,74262,515196,732193
"2020-08-15",91071,14501,53661,73502,493157,723806
"2020-08-16",49180,14212,53447,73384,480791,717956
"2020-08-17",49218,14204,53466,74110,481739,724060
"2021-08-01",60490,13174,53533,85231,571632,790029
"2020-08-18",52215,13999,52953,76300,508068,735558
"2021-08-02",60880,14023,57071,85032,539949,739092
"2020-08-19",52649,13429,51956,76433,519870,739970
"2021-08-03",63082,14472,59915,85514,560904,744427
"2020-08-20",52569,13176,50799,77100,520140,743509
"2021-08-04",63743,15074,62302,85899,608928,798071
"2020-08-21",52458,12808,48587,76993,517336,744768
"2021-08-05",63477,15567,65001,85675,608454,796656
"2020-08-22",52274,12628,48342,77698,498268,739230
"2021-08-06",63724,16133,67380,85651,604165,795948
"2020-08-23",51266,12543,47922,77902,486101,738836
"2021-08-07",62990,16557,68866,85483,587894,790330
"2020-08-24",51464,12538,48231,78025,491244,742331
"2021-08-08",61945,17206,71740,85327,578742,788999
"2020-08-25",53810,12512,48526,78321,517068,742958
"2021-08-09",62637,18145,75384,85039,548704,740010
"2020-08-26",54637,12289,47494,78840,526645,747684
"2021-08-10",64913,18677,78134,85467,568973,743941
"2020-08-27",53834,11720,46294,77705,520097,739792
"2021-08-11",65936,19372,80531,85978,616556,795958
"2020-08-28",54163,11619,44442,78562,519596,747664
"2021-08-12",66311,19890,82618,86104,616937,795420
"2020-08-29",52648,11395,43260,79002,502866,746124
"2021-03-01",59717,12183,49967,87031,515157,743477
"2021-08-13",66201,20367,84105,86123,612023,795957
"2020-08-30",51346,11249,42842,79251,487278,742622
"2021-03-02",62020,11866,49363,87284,537349,747382
"2021-08-14",65057,20646,85007,85755,595559,792702
"2020-08-31",51175,11314,43124,78712,495827,746287
"2021-03-03",62382,11502,49057,87850,583578,799933
"2021-08-15",64263,21334,87026,85566,585575,790365
"2021-03-04",62832,11295,47050,88295,588013,806821
"2021-08-16",64803,21950,89568,85607,551760,738837
"2021-03-05",62618,11075,46310,88209,582275,806087
"2021-08-17",66430,22538,92178,86012,572096,745005
"2021-03-06",61128,10795,44987,87859,561259,801352
"2021-08-18",67203,22902,94052,86232,617439,795967
"2021-03-07",59255,10653,44211,87383,547544,798538
"2021-08-19",67411,23256,95173,86087,617338,794528
"2021-03-08",59355,10546,43763,87438,514820,749894
"2021-08-20",67363,23683,95959,85874,613799,794397
"2021-03-09",61367,10377,43485,87600,536331,752795
"2021-08-21",66460,23859,96010,85566,597526,790636
"2021-03-10",61855,10240,43430,87780,585970,806154
"2021-08-22",65642,24399,98097,85475,587046,788040
"2021-03-11",62052,9951,42697,87891,585947,805280
"2021-08-23",66427,24886,100291,85606,556176,739350
"2021-03-12",61562,9846,42266,87745,582191,803905
"2021-08-24",68390,25299,101797,86086,573575,741282
"2021-03-13",60016,9619,41461,87340,561206,800935
"2021-08-25",68908,25482,102203,86345,621386,794976
"2021-03-14",57706,9502,40701,87470,542359,796186
"2021-08-26",69182,25507,102163,86544,621107,796382
"2021-03-15",58338,9566,40694,87027,508281,747281
"2021-08-27",69002,25535,101952,86363,616741,795232
"2021-03-16",60432,9520,41113,87083,533453,751217
"2021-08-28",68099,25682,100793,86232,600754,792226
"2020-11-01",59422,13366,54459,86888,535632,791304
"2021-03-17",61092,9450,41195,87193,583667,803339
"2021-08-29",66988,26080,101860,86054,590498,788637
"2020-11-02",59405,13756,56673,86911,518467,763966
"2021-03-18",61056,9230,40617,87133,582807,803750
"2021-08-30",67479,26345,103204,85959,555770,737406
"2020-11-03",61862,14027,58462,87206,537912,762926
"2021-03-19",60868,9102,40384,87271,578094,802420
"2021-08-31",69199,26112,103687,86501,573492,738951
"2020-11-04",62585,14141,60819,87188,574044,800695
"2021-03-20",59593,8937,39233,86964,558299,799513
"2020-11-05",62993,14347,61819,87453,579271,803992
"2021-03-21",57631,8873,39149,86571,543020,796269
"2020-11-06",62966,14455,63041,87481,577992,803393
"2021-03-22",57747,9084,39587,86467,510376,746695
"2020-11-07",61602,14598,64304,87061,563862,804108
"2021-03-23",60339,9149,40189,86803,535111,750802
"2020-11-08",61131,15166,65769,87193,551607,801358
"2021-03-24",61108,9143,40721,87467,584975,804318
"2020-11-09",61593,15548,68072,87121,530392,764981
"2021-03-25",60924,8932,40527,87258,584121,804662
"2020-11-10",64300,16148,72233,87309,558761,772252
"2021-03-26",60913,8965,40718,87137,581060,803158
"2020-11-11",65250,16372,74822,87646,599020,811152
"2021-03-27",59598,8843,39921,87037,561398,800224
"2020-11-12",64966,16738,76334,87940,600120,812639
"2021-03-28",57685,9005,40327,86701,545455,796193
"2020-11-13",64860,17007,77007,88004,598297,815676
"2021-03-29",57964,9145,40802,86258,513300,747159
"2020-11-14",63602,17436,77800,87453,574825,812010
"2021-03-30",60328,9193,41318,86676,535448,750848
"2020-11-15",62270,17942,79887,86968,559243,806644
"2021-03-31",61046,9182,41726,87213,584037,804620
"2020-11-16",62695,18772,83420,87488,538232,774106
"2020-11-17",65339,19362,85873,88111,558575,774081
"2020-11-18",66259,19521,88447,88257,601780,820023
"2020-11-19",66252,19976,89209,88303,599545,820350
"2020-11-20",66011,20014,90394,87839,594825,814455
"2020-11-21",65298,20260,90698,87872,576523,809688
"2020-11-22",63881,20844,92463,87682,562017,806547
"2020-11-23",64114,21376,93995,87690,535878,767659
"2020-11-24",66358,21888,96666,88147,554553,771226
"2020-11-25",66069,22047,97897,88230,584525,811860
"2020-11-26",64514,22130,96788,87851,554984,809236
"2020-11-27",63165,22402,97754,87518,540024,804047
"2020-11-28",63638,22589,99987,88145,541750,803706
"2020-11-29",63870,22960,102395,87654,547169,803021
"2021-06-01",55720,6430,23897,85173,508505,739879
"2020-11-30",64680,23571,104415,87823,529773,763686
"2021-06-02",58444,6206,23775,85517,577556,797763
"2021-06-03",59487,6050,23226,85631,585697,797782
"2021-06-04",59327,5910,22243,85614,584939,797692
"2021-06-05",57813,5649,21304,85171,566297,794516
"2021-06-06",56023,5598,20963,84810,551808,791505
"2021-06-07",56526,5268,20666,84767,519712,741439
"2021-06-08",59291,5227,20769,85357,544146,744636
"2021-06-09",59806,5056,20560,85844,593408,799227
"2021-06-10",59839,4935,19870,85623,593479,798278
"2021-06-11",59111,4834,19236,85492,587585,798383
"2021-06-12",57843,4691,18734,85595,567985,796862
"2021-01-01",68506,28135,129903,89380,567984,811028
"2021-06-13",55454,4593,18524,84793,551858,792658
"2021-01-02",67530,28367,131306,89637,558910,809751
"2021-06-14",55854,4602,18608,85132,518873,741239
"2021-01-03",68203,28820,134842,89699,563918,808451
"2021-06-15",58545,4464,18521,85160,542813,744200
"2021-01-04",69474,29093,136521,89951,544241,762293
"2021-06-16",58906,4418,18315,85144,591881,797318
"2021-01-05",71361,29353,138587,90413,567849,766613
"2021-06-17",58569,4311,17678,85014,588475,795336
"2021-01-06",72044,29369,139782,90800,614743,818990
"2021-06-18",58388,4290,17635,85024,584040,789314
"2021-01-07",72496,29259,138645,91708,614978,818906
"2021-06-19",56440,4178,16984,84514,562050,788942
"2021-01-08",71800,29073,137174,91153,607854,813326
"2021-06-20",54784,4145,17013,84225,548831,785929
"2021-01-09",71073,28892,135807,90893,593914,811125
"2021-06-21",55116,4200,16882,84467,512311,734889
"2021-01-10",69917,29183,136086,90927,581297,808706
"2021-06-22",57908,4277,17049,84869,541054,739105
"2021-01-11",70217,29472,135979,90591,551582,761122
"2021-06-23",58780,4286,17175,85241,592596,796115
"2021-01-12",71884,29593,135676,91335,568934,763641
"2021-06-24",58807,4122,16885,85142,591620,796745
"2021-01-13",72134,29336,135992,91480,613898,815956
"2021-06-25",57527,4128,16909,84761,583915,794655
"2021-01-14",72274,29232,142315,91876,612827,815140
"2021-06-26",56255,4088,16790,84524,562647,790135
"2021-01-15",72059,29129,132902,91655,610763,814696
"2021-06-27",54768,4044,16420,84284,549467,787194
"2021-01-16",71160,28834,130148,91486,594243,812081
"2021-06-28",55145,4121,16502,84403,509054,729149
"2020-09-01",53833,11346,43740,78646,507810,749362
"2021-01-17",69813,28591,129562,91191,581342,807696
"2021-06-29",57964,4182,16976,84368,536094,733366
"2020-09-02",54490,11264,43317,79717,519912,758430
"2021-01-18",69811,28584,128651,91078,547107,758964
"2021-06-30",59007,4130,17195,85088,590805,795914
"2020-09-03",55756,11055,42302,80094,521773,759339
"2021-01-19",71093,28341,127892,91139,565712,763349
"2020-09-04",54499,11017,41524,80220,518444,758503
"2021-01-20",71658,27780,126489,91432,611688,814980
"2020-09-05",53276,10857,40240,80088,500078,758604
"2021-01-21",71467,27255,123034,91271,611083,813909
"2020-09-06",51739,10709,39216,79975,488297,751973
"2021-01-22",71588,26840,120897,91388,609446,813118
"2020-09-07",51131,10648,39516,79679,488115,750645
"2021-01-23",70283,26104,116824,91056,592258,809520
"2020-09-08",52078,10820,40316,80070,497773,754856
"2021-01-24",68451,25877,115810,90564,580023,807224
"2020-09-09",54738,10686,41087,80434,528704,762017
"2021-01-25",68583,25715,113941,90650,547035,758849
"2020-09-10",55439,10427,40086,80687,538671,763208
"2021-01-26",70522,25697,112893,91115,566452,762587
"2020-09-11",55699,10271,39194,80765,539797,763132
"2021-01-27",70772,25143,111332,91143,611828,815107
"2020-09-12",54210,9972,38276,80557,521556,764560
"2021-01-28",70187,24501,108101,91046,607875,812822
"2020-09-13",52274,9817,37673,79902,495493,751154
"2021-01-29",69838,23914,104414,91230,601545,811562
"2020-09-14",52626,9971,38191,83266,510739,761662
"2021-01-30",68159,23532,100902,90351,581029,808554
"2020-09-15",54962,9946,38741,81042,535997,764219
"2021-01-31",66983,23354,99457,89899,566420,803697
"2020-09-16",55733,9738,38147,80976,541854,761925
"2020-09-17",55720,9603,36671,81261,545197,768454
"2021-09-01",69978,26136,103764,86788,619746,794234
"2020-09-18",55144,9524,36343,80951,540399,767512
"2021-09-02",69752,26234,103776,86539,619328,793431
"2020-09-19",53591,9461,35793,80992,521703,765726
"2021-09-03",69075,26069,102481,86200,612151,792195
"2020-09-20",52415,9385,35237,80745,507638,766329
"2021-09-04",68021,25812,100803,85926,593630,787571
"2020-09-21",52811,9465,36081,80929,511787,765530
"2021-09-05",66909,25899,101023,85662,581870,784689
"2020-09-22",55027,9557,37383,80833,536045,767333
"2021-09-06",67230,26144,101747,85986,543176,732839
"2020-09-23",55888,9527,36990,80940,546670,768324
"2021-09-07",68159,26372,102579,85878,553976,733597
"2020-09-24",56595,9503,36995,81622,547308,769623
"2021-09-08",69819,26225,102722,86232,615078,791880
"2020-09-25",56557,9436,36461,81877,548078,772428
"2021-09-09",69994,26162,101968,86286,621816,793415
"2020-09-26",55180,9398,35939,81372,529493,769848
"2021-09-10",69812,26000,100683,86157,621221,793252
"2020-09-27",54136,9394,35441,81483,515888,765725
"2021-09-11",68630,25557,98025,85869,604118,787652
"2020-09-28",54143,9618,36950,81678,520246,768537
"2021-09-12",67644,25519,97462,85505,593902,784310
"2020-09-29",56811,9779,38140,81963,545195,772885
"2021-04-01",60707,9116,41551,87260,580076,801765
"2021-09-13",68097,25760,98226,85584,560418,735270
"2020-09-30",57338,9667,37961,81966,556983,777369
"2021-04-02",59783,9074,41318,86970,571402,801957
"2021-09-14",69560,25603,96900,85937,578498,738344
"2021-04-03",58323,9163,40923,86660,547452,797186
"2021-09-15",70126,25207,95588,86329,624984,791773
"2021-04-04",56886,9347,41521,86257,532605,793481
"2021-09-16",69663,25052,94389,86109,623920,792623
"2021-04-05",57477,9574,42431,86177,505510,750320
"2021-09-17",69158,24715,92623,85922,619166,790926
"2021-04-06",60346,9713,43809,86718,536501,755608
"2021-09-18",67482,24247,90251,85072,600534,787793
"2021-04-07",61782,9778,44313,87080,583861,800860
"2021-09-19",66369,24065,89524,84746,588094,782995
"2021-04-08",61796,9863,44360,86872,587000,801416
"2021-09-20",66673,24023,89522,85102,554286,731331
"2021-04-09",61683,9781,44324,86858,582861,799970
"2021-09-21",68410,23878,88464,85378,573728,737861
"2021-04-10",60292,9810,43708,86738,565654,799398
"2021-09-22",68784,23397,86704,85499,617430,784647
"2021-04-11",58634,9957,44474,86510,553113,795337
"2021-09-23",68470,22872,85279,85159,615510,783814
"2021-04-12",59164,10223,45391,86330,522101,746305
"2021-09-24",68027,22745,84664,84400,610699,777517
"2021-04-13",61560,10294,45831,86587,547171,749130
"2021-04-14",63354,10294,46208,88924,598671,805321
"2021-04-15",62097,10136,45548,86790,596574,804147
"2021-04-16",62164,10224,45838,86941,592086,803716
"2020-12-01",67147,23996,106896,88301,559045,769369
"2021-04-17",60833,10194,45100,86544,571449,798766
"2020-12-02",67676,23978,108553,88468,601599,813323
"2021-04-18",58815,10346,45593,86236,556254,794825
"2020-12-03",68126,24088,108099,88635,604427,815946
"2021-04-19",59025,10530,46490,86175,523029,745768
"2020-12-04",68079,24188,108025,88877,601312,815951
"2021-04-20",62019,10692,46580,86620,547273,749265
"2020-12-05",67306,24265,107254,88488,583995,810882
"2021-04-21",62330,10632,46347,86756,597268,803932
"2020-12-06",66204,24529,108641,88251,569925,807278
"2021-04-22",62307,10524,45286,86547,596062,802683
"2020-12-07",66499,24963,110149,88210,544691,765570
"2021-04-23",62030,10694,44634,86654,590925,802258
"2020-12-08",68643,25243,112386,88846,565559,769587
"2021-04-24",60264,10554,43200,86238,569785,800518
"2020-12-09",69216,25599,114838,88656,607849,814775
"2021-04-25",59027,10582,42851,86278,555263,796475
"2020-12-10",69452,25491,115714,88841,609044,816598
"2021-04-26",59024,10784,43561,85889,521308,743781
"2020-12-11",69368,25604,115856,89094,604127,815868
"2021-04-27",61892,10661,43442,86398,547163,747783
"2020-12-12",68512,25556,115377,88858,587368,812827
"2021-04-28",62680,10509,43083,87077,597372,802755
"2020-12-13",67133,26096,117719,88516,574605,808854
"2021-04-29",61984,10329,41922,86520,597557,803397
"2020-12-14",67474,26587,118779,88418,545541,766513
"2021-04-30",61937,10117,41034,86708,591432,801648
"2020-12-15",69327,26853,120539,88949,570110,770158
"2020-07-04",0,0,53054,256,415311,676995
"2020-07-05",0,0,53759,256,407552,670983
"2020-07-06",0,0,65133,138,427109,672217
"2020-07-07",0,0,64737,139,454899,686703
"2020-07-08",0,3,65126,159,464525,685163
"2020-07-09",0,3,65955,247,464002,680934
"2020-07-10",380,44,65221,813,458927,678698
"2020-07-11",458,234,60644,1392,434491,670501
"2020-07-12",456,237,61722,1377,415492,658221
"2020-02-01",0,0,0,0,148,1133
"2020-07-13",543,231,62682,1335,418353,644542
"2020-02-02",0,0,0,0,119,1103
"2020-07-14",1642,321,65814,3533,399716,582684
"2020-02-03",0,0,0,0,124,1110
"2020-02-04",0,0,14,0,251,1269
"2020-07-16",19003,11194,74251,28555,312049,438314
"2020-02-05",0,0,14,0,241,504
"2020-07-17",19743,12014,74190,31869,328550,471701
"2020-02-06",0,0,14,0,230,509
"2020-07-18",19782,12178,72254,32452,314025,455856
"2020-02-07",0,0,14,0,229,500
"2020-07-19",18864,11319,71773,30407,281165,415132
"2020-02-08",0,0,14,0,196,492
"2020-07-20",21285,12520,71364,33671,304979,453381
"2020-02-09",0,0,0,0,110,343
"2020-07-21",23625,12873,74385,36107,329939,477917
"2020-02-10",0,0,0,0,125,353
"2020-02-11",0,0,0,0,132,352
"2020-02-12",0,0,0,0,162,358
"2020-02-13",0,0,0,0,152,358
"2020-02-14",0,0,0,0,141,354
"2020-02-15",0,0,1,0,118,494
"2020-02-16",0,0,1,0,124,491
"2020-02-17",0,0,1,0,162,525
"2020-02-18",0,0,1,0,209,599
"2020-02-19",0,0,1,0,194,638
"2020-02-20",0,0,0,0,180,1218
"2020-02-21",0,0,0,0,170,1212
"2020-02-22",0,0,0,0,147,1184
"2020-02-23",0,0,0,0,147,1195
"2020-02-24",0,0,0,0,210,1276
"2020-02-25",0,0,0,0,237,1263
"2020-02-26",0,0,0,0,251,1225
"2020-02-27",0,0,0,0,252,1242
"2020-02-28",0,0,1,0,465,1780
"2020-02-29",0,0,1,0,426,1762
"2020-05-01",0,0,56738,115,341538,558980
"2020-05-02",0,0,55289,91,327714,555293
"2020-05-03",0,0,54159,155,323589,554460
"2020-05-04",0,0,56043,114,339090,566396
"2020-05-05",0,0,56684,123,356408,573558
"2020-05-06",0,0,54716,123,361045,568439
"2020-05-07",0,0,54182,133,362755,579760
"2020-05-08",0,0,52640,130,360862,578220
"2020-05-09",0,0,56001,183,345725,565359
"2020-05-10",0,0,49999,183,336723,565037
"2020-05-11",0,0,51805,88,357389,596480
"2020-05-12",0,0,60159,131,386000,627279
"2020-05-13",0,0,58515,131,393433,631844
"2020-05-14",0,0,56780,131,393927,626310
"2020-05-15",0,0,56112,131,393836,633672
"2020-05-16",0,0,53208,109,371456,615541
"2020-05-17",0,0,48269,109,358954,613290
"2020-05-18",0,0,49699,115,370759,621288
"2020-05-19",0,0,49513,131,385246,620480
"2020-05-20",0,1,49243,131,391100,623358
"2020-05-21",0,0,47627,131,388120,622058
"2020-05-22",0,0,46253,54,385892,621048
"2020-05-23",0,0,45336,54,365434,608679
"2020-05-24",0,0,43972,54,353404,606407
"2020-05-25",0,0,44474,54,352946,608603
"2020-05-26",0,0,46443,107,366868,613653
"2020-05-27",0,0,46750,66,387778,616522
"2020-05-28",0,0,47355,66,388929,613807
"2020-05-29",0,1,44569,133,410370,644368
"2020-05-30",0,1,42708,187,396422,645182
"2020-05-31",0,0,41359,199,385913,643075
"2020-03-01",0,0,1,0,1691,4329
"2020-03-02",0,0,6,0,1969,4924
"2020-03-03",0,0,8,0,2168,5019
"2020-03-04",0,0,9,0,2226,5044
"2020-03-05",0,0,9,0,2578,5624
"2020-03-06",0,0,16,0,2781,6074
"2020-03-07",0,0,18,0,2718,6097
"2020-03-08",0,0,17,0,2690,5963
"2020-03-09",0,0,127,0,5708,10689
"2020-03-10",0,0,154,0,6202,11934
"2020-03-11",0,0,193,0,6406,11515
"2020-03-12",0,0,270,0,6641,12286
"2020-03-13",0,0,346,0,6763,13725
"2020-03-14",0,0,402,0,6614,18762
"2020-03-15",0,0,535,0,9357,20022
"2020-03-16",0,0,631,0,9628,20933
"2020-03-17",0,0,707,0,9920,21402
"2020-03-18",0,0,880,0,10641,23686
"2020-03-19",0,0,1067,0,10995,22469
"2020-03-20",0,0,1128,0,10877,23371
"2020-03-21",0,0,1273,0,11098,23648
"2020-03-22",0,0,1342,0,11853,27754
"2020-03-23",0,0,1807,0,13024,29406
"2020-03-24",0,0,2027,0,13929,30124
"2020-03-25",0,0,2369,0,14582,31575
"2020-03-26",0,0,2773,0,16060,34754
"2020-03-27",0,0,3900,0,25370,57890
"2020-03-28",0,0,5441,0,26606,61345
"2020-03-29",0,0,6671,0,32273,72680
"2020-03-30",0,0,13584,0,69225,142511
"2020-03-31",0,0,21634,0,94657,183587
"2020-06-01",0,0,42239,115,394698,657496
"2020-06-02",0,0,43661,116,420457,671230
"2020-06-03",0,0,44272,116,439351,688091
"2020-06-04",0,0,43883,116,435695,685405
"2020-06-05",0,0,44031,166,433825,692079
"2020-06-06",0,0,42131,250,415092,679204
"2020-06-07",0,0,40634,250,401357,671311
"2020-06-08",0,0,41387,135,403895,664347
"2020-06-09",0,0,42662,127,444776,695745
"2020-06-10",0,0,43027,89,452137,695168
"2020-06-11",0,0,42612,89,452881,692611
"2020-06-12",0,0,41510,135,444638,687583
"2020-01-01",0,0,0,0,130,1126
"2020-06-13",0,0,38651,252,417604,674802
"2020-01-02",767,426,1877,903,6653,9537
"2020-06-14",0,0,37220,252,407135,675649
"2020-01-03",767,426,1877,903,6652,9544
"2020-06-15",0,0,45301,85,416241,677007
"2020-01-04",768,426,1877,909,6640,9571
"2020-06-16",0,0,43612,135,448595,695051
"2020-01-05",768,426,1877,909,6624,9565
"2020-06-17",0,0,43465,135,457263,698552
"2020-01-06",768,426,1877,909,6582,8708
"2020-06-18",0,0,44028,135,463682,703886
"2020-01-07",1,0,0,6,152,312
"2020-06-19",0,0,44040,135,461452,705762
"2020-01-08",1,0,0,6,143,314
"2020-06-20",0,0,38743,252,424808,684018
"2020-01-09",0,0,0,0,127,273
"2020-06-21",0,0,40032,252,411804,680103
"2020-01-10",0,0,0,0,94,267
"2020-06-22",0,0,40520,134,428243,691612
"2020-01-11",0,0,0,0,82,258
"2020-06-23",0,0,41903,134,450393,689273
"2020-01-12",0,0,0,0,82,255
"2020-06-24",0,0,43303,134,457231,689393
"2020-01-13",0,0,0,0,127,265
"2020-06-25",0,0,43955,136,458656,689601
"2020-01-14",0,0,0,0,128,273
"2020-06-26",0,0,44099,136,452760,687658
"2020-01-15",0,0,0,0,146,993
"2020-06-27",0,0,43641,256,425626,679336
"2020-01-16",0,0,0,0,133,992
"2020-06-28",0,0,44557,256,413870,675353
"2020-01-17",0,0,0,0,136,987
"2020-06-29",0,0,46884,139,427395,679393
"2020-01-18",0,0,0,0,107,973
"2020-06-30",0,0,49423,75,446773,676871
"2020-01-19",0,0,0,0,105,972
"2020-01-20",0,0,0,0,121,260
"2020-01-21",0,0,0,0,124,268
"2020-01-22",0,0,0,0,131,1002
"2020-01-23",0,0,0,0,135,1008
"2020-01-24",0,0,0,0,151,1080
"2020-01-25",0,0,0,0,128,1067
"2020-01-26",0,0,0,0,135,1066
"2020-01-27",0,0,0,0,150,370
"2020-01-28",0,0,0,0,177,391
"2020-01-29",0,0,0,0,190,399
"2020-01-30",0,0,0,0,182,390
"2020-01-31",0,0,0,0,168,1112
"2020-04-01",0,0,27901,0,126949,256529
"2020-04-02",0,0,32080,0,143749,293502
"2020-04-03",0,0,37543,0,146825,303453
"2020-04-04",0,0,38387,0,143782,307119
"2020-04-05",0,0,38069,0,140046,302537
"2020-04-06",0,0,41867,0,152206,321349
"2020-04-07",0,0,43596,0,167534,338076
"2020-04-08",0,0,45027,0,178668,359410
"2020-04-09",0,0,44687,0,186120,369020
"2020-04-10",341,38,44989,497,193994,387891
"2020-04-11",341,38,44153,497,186834,383772
"2020-04-12",341,38,44543,497,187789,387731
"2020-04-13",341,38,48915,490,208056,424254
"2020-04-14",341,38,52690,490,233347,467498
"2020-04-15",0,0,53443,0,244278,487841
"2020-04-16",0,0,53862,82,258239,503220
"2020-04-17",0,0,53101,84,258123,505127
"2020-04-18",0,0,51225,149,243211,493296
"2020-04-19",0,0,50848,149,241550,491733
"2020-04-20",0,0,55416,112,267685,515595
"2020-04-21",0,0,57740,96,285366,522774
"2020-04-22",0,0,55138,127,293225,510620
"2020-04-23",0,0,56996,142,312741,521387
"2020-04-24",0,0,58192,161,322824,534195
"2020-04-25",0,0,57929,159,310630,523690
"2020-04-26",0,0,58034,187,307833,521461
"2020-04-27",0,0,58138,145,322497,524914
"2020-04-28",0,0,58543,124,327186,535433
"2020-04-29",0,0,59313,124,343593,563217
"2020-04-30",0,0,57676,105,338350,554296
"2020-07-01",0,0,50730,138,451019,676294
"2020-07-02",0,0,53566,154,454455,683119
"2020-07-03",0,0,55011,227,440104,685363